id,trial,load,rt
1,1,hi,917
1,2,hi,916
1,3,hi,929
1,4,hi,920
1,5,hi,915
1,6,hi,955
1,7,hi,913
1,8,hi,902
1,9,hi,916
1,10,hi,938
1,11,hi,950
1,12,hi,926
1,13,hi,1002
1,14,hi,974
1,15,hi,890
1,16,hi,959
1,17,hi,960
1,18,hi,923
1,19,hi,935
1,20,hi,934
1,21,hi,900
1,22,hi,944
1,23,hi,924
1,24,hi,894
1,25,hi,915
1,26,hi,977
1,27,hi,977
1,28,hi,947
1,29,hi,1015
1,30,hi,951
1,31,hi,935
1,32,hi,949
1,33,hi,932
1,34,hi,903
1,35,hi,955
1,36,hi,922
1,37,hi,902
1,38,hi,885
1,39,hi,942
1,40,hi,882
1,41,hi,927
1,42,hi,950
1,43,hi,960
1,44,hi,933
1,45,hi,977
1,46,hi,929
1,47,hi,901
1,48,hi,916
1,49,hi,876
1,50,hi,947
1,51,hi,915
1,52,hi,933
1,53,hi,932
1,54,hi,923
1,55,hi,969
1,56,hi,913
1,57,hi,915
1,58,hi,942
1,59,hi,949
1,60,hi,956
1,1,lo,873
1,2,lo,905
1,3,lo,865
1,4,lo,904
1,5,lo,884
1,6,lo,895
1,7,lo,899
1,8,lo,898
1,9,lo,818
1,10,lo,856
1,11,lo,886
1,12,lo,902
1,13,lo,899
1,14,lo,874
1,15,lo,904
1,16,lo,861
1,17,lo,870
1,18,lo,832
1,19,lo,865
1,20,lo,913
1,21,lo,878
1,22,lo,861
1,23,lo,826
1,24,lo,866
1,25,lo,891
1,26,lo,920
1,27,lo,870
1,28,lo,881
1,29,lo,886
1,30,lo,838
1,31,lo,849
1,32,lo,841
1,33,lo,872
1,34,lo,854
1,35,lo,847
1,36,lo,851
1,37,lo,885
1,38,lo,851
1,39,lo,921
1,40,lo,900
1,41,lo,846
1,42,lo,876
1,43,lo,860
1,44,lo,889
1,45,lo,865
1,46,lo,940
1,47,lo,901
1,48,lo,889
1,49,lo,830
1,50,lo,883
1,51,lo,907
1,52,lo,905
1,53,lo,874
1,54,lo,882
1,55,lo,889
1,56,lo,838
1,57,lo,923
1,58,lo,896
1,59,lo,839
1,60,lo,873
2,1,hi,842
2,2,hi,826
2,3,hi,812
2,4,hi,804
2,5,hi,844
2,6,hi,880
2,7,hi,841
2,8,hi,847
2,9,hi,818
2,10,hi,803
2,11,hi,865
2,12,hi,871
2,13,hi,794
2,14,hi,837
2,15,hi,846
2,16,hi,872
2,17,hi,830
2,18,hi,809
2,19,hi,819
2,20,hi,833
2,21,hi,836
2,22,hi,878
2,23,hi,847
2,24,hi,867
2,25,hi,829
2,26,hi,818
2,27,hi,865
2,28,hi,869
2,29,hi,868
2,30,hi,841
2,31,hi,795
2,32,hi,847
2,33,hi,862
2,34,hi,867
2,35,hi,852
2,36,hi,818
2,37,hi,876
2,38,hi,825
2,39,hi,858
2,40,hi,847
2,41,hi,901
2,42,hi,825
2,43,hi,852
2,44,hi,904
2,45,hi,795
2,46,hi,842
2,47,hi,797
2,48,hi,828
2,49,hi,837
2,50,hi,812
2,51,hi,869
2,52,hi,860
2,53,hi,843
2,54,hi,839
2,55,hi,832
2,56,hi,853
2,57,hi,842
2,58,hi,861
2,59,hi,840
2,60,hi,808
2,1,lo,825
2,2,lo,750
2,3,lo,816
2,4,lo,814
2,5,lo,837
2,6,lo,754
2,7,lo,779
2,8,lo,797
2,9,lo,788
2,10,lo,739
2,11,lo,794
2,12,lo,761
2,13,lo,761
2,14,lo,788
2,15,lo,759
2,16,lo,775
2,17,lo,772
2,18,lo,789
2,19,lo,779
2,20,lo,775
2,21,lo,800
2,22,lo,797
2,23,lo,797
2,24,lo,780
2,25,lo,795
2,26,lo,828
2,27,lo,785
2,28,lo,817
2,29,lo,806
2,30,lo,801
2,31,lo,812
2,32,lo,802
2,33,lo,802
2,34,lo,748
2,35,lo,779
2,36,lo,792
2,37,lo,832
2,38,lo,760
2,39,lo,764
2,40,lo,788
2,41,lo,772
2,42,lo,833
2,43,lo,798
2,44,lo,798
2,45,lo,785
2,46,lo,784
2,47,lo,771
2,48,lo,778
2,49,lo,772
2,50,lo,811
2,51,lo,799
2,52,lo,809
2,53,lo,799
2,54,lo,802
2,55,lo,848
2,56,lo,812
2,57,lo,751
2,58,lo,750
2,59,lo,774
2,60,lo,764
3,1,hi,911
3,2,hi,936
3,3,hi,950
3,4,hi,963
3,5,hi,945
3,6,hi,941
3,7,hi,938
3,8,hi,979
3,9,hi,946
3,10,hi,960
3,11,hi,943
3,12,hi,963
3,13,hi,951
3,14,hi,906
3,15,hi,932
3,16,hi,898
3,17,hi,1035
3,18,hi,948
3,19,hi,968
3,20,hi,924
3,21,hi,907
3,22,hi,897
3,23,hi,886
3,24,hi,934
3,25,hi,943
3,26,hi,924
3,27,hi,910
3,28,hi,963
3,29,hi,985
3,30,hi,935
3,31,hi,910
3,32,hi,895
3,33,hi,912
3,34,hi,928
3,35,hi,973
3,36,hi,930
3,37,hi,876
3,38,hi,974
3,39,hi,899
3,40,hi,913
3,41,hi,968
3,42,hi,866
3,43,hi,954
3,44,hi,954
3,45,hi,978
3,46,hi,935
3,47,hi,928
3,48,hi,927
3,49,hi,956
3,50,hi,927
3,51,hi,979
3,52,hi,918
3,53,hi,947
3,54,hi,930
3,55,hi,885
3,56,hi,930
3,57,hi,891
3,58,hi,940
3,59,hi,939
3,60,hi,967
3,1,lo,855
3,2,lo,889
3,3,lo,874
3,4,lo,884
3,5,lo,869
3,6,lo,836
3,7,lo,865
3,8,lo,873
3,9,lo,867
3,10,lo,908
3,11,lo,919
3,12,lo,842
3,13,lo,912
3,14,lo,881
3,15,lo,870
3,16,lo,867
3,17,lo,854
3,18,lo,832
3,19,lo,910
3,20,lo,908
3,21,lo,944
3,22,lo,888
3,23,lo,858
3,24,lo,846
3,25,lo,893
3,26,lo,898
3,27,lo,866
3,28,lo,924
3,29,lo,962
3,30,lo,895
3,31,lo,886
3,32,lo,946
3,33,lo,872
3,34,lo,884
3,35,lo,914
3,36,lo,882
3,37,lo,939
3,38,lo,869
3,39,lo,892
3,40,lo,868
3,41,lo,882
3,42,lo,888
3,43,lo,914
3,44,lo,891
3,45,lo,891
3,46,lo,855
3,47,lo,876
3,48,lo,890
3,49,lo,878
3,50,lo,907
3,51,lo,894
3,52,lo,888
3,53,lo,882
3,54,lo,928
3,55,lo,867
3,56,lo,872
3,57,lo,898
3,58,lo,920
3,59,lo,870
3,60,lo,901
4,1,hi,1031
4,2,hi,999
4,3,hi,1027
4,4,hi,1041
4,5,hi,1053
4,6,hi,1030
4,7,hi,1025
4,8,hi,1056
4,9,hi,1010
4,10,hi,1014
4,11,hi,1053
4,12,hi,1048
4,13,hi,1077
4,14,hi,1084
4,15,hi,1030
4,16,hi,1020
4,17,hi,1030
4,18,hi,1053
4,19,hi,1010
4,20,hi,1024
4,21,hi,1013
4,22,hi,974
4,23,hi,1041
4,24,hi,1045
4,25,hi,1004
4,26,hi,991
4,27,hi,1028
4,28,hi,1026
4,29,hi,1014
4,30,hi,1067
4,31,hi,1038
4,32,hi,1024
4,33,hi,1024
4,34,hi,1066
4,35,hi,1050
4,36,hi,1027
4,37,hi,1026
4,38,hi,1028
4,39,hi,1038
4,40,hi,1006
4,41,hi,1010
4,42,hi,1023
4,43,hi,1005
4,44,hi,1046
4,45,hi,1031
4,46,hi,1026
4,47,hi,989
4,48,hi,1028
4,49,hi,1060
4,50,hi,1036
4,51,hi,1021
4,52,hi,1040
4,53,hi,1055
4,54,hi,1011
4,55,hi,1022
4,56,hi,1044
4,57,hi,1021
4,58,hi,1040
4,59,hi,1040
4,60,hi,1030
4,1,lo,956
4,2,lo,958
4,3,lo,999
4,4,lo,952
4,5,lo,1008
4,6,lo,1012
4,7,lo,965
4,8,lo,934
4,9,lo,912
4,10,lo,984
4,11,lo,968
4,12,lo,1004
4,13,lo,975
4,14,lo,973
4,15,lo,1007
4,16,lo,995
4,17,lo,936
4,18,lo,952
4,19,lo,942
4,20,lo,995
4,21,lo,986
4,22,lo,990
4,23,lo,989
4,24,lo,951
4,25,lo,991
4,26,lo,953
4,27,lo,1000
4,28,lo,973
4,29,lo,997
4,30,lo,973
4,31,lo,949
4,32,lo,981
4,33,lo,1005
4,34,lo,950
4,35,lo,997
4,36,lo,994
4,37,lo,1026
4,38,lo,937
4,39,lo,978
4,40,lo,938
4,41,lo,975
4,42,lo,969
4,43,lo,989
4,44,lo,1018
4,45,lo,914
4,46,lo,1038
4,47,lo,969
4,48,lo,991
4,49,lo,967
4,50,lo,981
4,51,lo,951
4,52,lo,991
4,53,lo,984
4,54,lo,965
4,55,lo,940
4,56,lo,978
4,57,lo,989
4,58,lo,1017
4,59,lo,1002
4,60,lo,973
5,1,hi,830
5,2,hi,833
5,3,hi,846
5,4,hi,805
5,5,hi,826
5,6,hi,787
5,7,hi,836
5,8,hi,813
5,9,hi,838
5,10,hi,812
5,11,hi,835
5,12,hi,799
5,13,hi,842
5,14,hi,846
5,15,hi,842
5,16,hi,849
5,17,hi,830
5,18,hi,809
5,19,hi,821
5,20,hi,862
5,21,hi,841
5,22,hi,854
5,23,hi,780
5,24,hi,842
5,25,hi,856
5,26,hi,839
5,27,hi,833
5,28,hi,820
5,29,hi,856
5,30,hi,836
5,31,hi,831
5,32,hi,832
5,33,hi,868
5,34,hi,876
5,35,hi,840
5,36,hi,823
5,37,hi,805
5,38,hi,801
5,39,hi,831
5,40,hi,815
5,41,hi,844
5,42,hi,840
5,43,hi,847
5,44,hi,891
5,45,hi,838
5,46,hi,846
5,47,hi,842
5,48,hi,831
5,49,hi,828
5,50,hi,823
5,51,hi,786
5,52,hi,859
5,53,hi,872
5,54,hi,871
5,55,hi,836
5,56,hi,855
5,57,hi,797
5,58,hi,824
5,59,hi,856
5,60,hi,790
5,1,lo,819
5,2,lo,825
5,3,lo,818
5,4,lo,780
5,5,lo,821
5,6,lo,774
5,7,lo,766
5,8,lo,804
5,9,lo,830
5,10,lo,802
5,11,lo,768
5,12,lo,776
5,13,lo,770
5,14,lo,808
5,15,lo,832
5,16,lo,811
5,17,lo,804
5,18,lo,784
5,19,lo,770
5,20,lo,822
5,21,lo,785
5,22,lo,792
5,23,lo,810
5,24,lo,758
5,25,lo,805
5,26,lo,789
5,27,lo,783
5,28,lo,784
5,29,lo,755
5,30,lo,785
5,31,lo,805
5,32,lo,823
5,33,lo,776
5,34,lo,855
5,35,lo,807
5,36,lo,793
5,37,lo,816
5,38,lo,832
5,39,lo,800
5,40,lo,748
5,41,lo,794
5,42,lo,789
5,43,lo,815
5,44,lo,860
5,45,lo,791
5,46,lo,775
5,47,lo,832
5,48,lo,746
5,49,lo,782
5,50,lo,791
5,51,lo,809
5,52,lo,800
5,53,lo,775
5,54,lo,768
5,55,lo,806
5,56,lo,796
5,57,lo,782
5,58,lo,753
5,59,lo,799
5,60,lo,808
6,1,hi,787
6,2,hi,757
6,3,hi,752
6,4,hi,748
6,5,hi,785
6,6,hi,775
6,7,hi,782
6,8,hi,763
6,9,hi,830
6,10,hi,803
6,11,hi,781
6,12,hi,791
6,13,hi,785
6,14,hi,793
6,15,hi,786
6,16,hi,808
6,17,hi,789
6,18,hi,743
6,19,hi,769
6,20,hi,791
6,21,hi,795
6,22,hi,764
6,23,hi,766
6,24,hi,791
6,25,hi,775
6,26,hi,773
6,27,hi,787
6,28,hi,737
6,29,hi,756
6,30,hi,773
6,31,hi,799
6,32,hi,795
6,33,hi,774
6,34,hi,788
6,35,hi,766
6,36,hi,763
6,37,hi,744
6,38,hi,748
6,39,hi,819
6,40,hi,754
6,41,hi,761
6,42,hi,839
6,43,hi,759
6,44,hi,774
6,45,hi,745
6,46,hi,786
6,47,hi,788
6,48,hi,755
6,49,hi,820
6,50,hi,766
6,51,hi,836
6,52,hi,798
6,53,hi,801
6,54,hi,818
6,55,hi,759
6,56,hi,763
6,57,hi,755
6,58,hi,810
6,59,hi,766
6,60,hi,757
6,1,lo,680
6,2,lo,741
6,3,lo,738
6,4,lo,724
6,5,lo,680
6,6,lo,730
6,7,lo,712
6,8,lo,749
6,9,lo,714
6,10,lo,706
6,11,lo,710
6,12,lo,723
6,13,lo,734
6,14,lo,712
6,15,lo,690
6,16,lo,703
6,17,lo,706
6,18,lo,747
6,19,lo,715
6,20,lo,695
6,21,lo,729
6,22,lo,727
6,23,lo,743
6,24,lo,731
6,25,lo,776
6,26,lo,762
6,27,lo,746
6,28,lo,725
6,29,lo,716
6,30,lo,747
6,31,lo,744
6,32,lo,731
6,33,lo,756
6,34,lo,760
6,35,lo,755
6,36,lo,664
6,37,lo,721
6,38,lo,778
6,39,lo,717
6,40,lo,692
6,41,lo,759
6,42,lo,735
6,43,lo,735
6,44,lo,754
6,45,lo,769
6,46,lo,689
6,47,lo,736
6,48,lo,766
6,49,lo,736
6,50,lo,748
6,51,lo,740
6,52,lo,752
6,53,lo,700
6,54,lo,722
6,55,lo,746
6,56,lo,743
6,57,lo,720
6,58,lo,719
6,59,lo,708
6,60,lo,720
7,1,hi,741
7,2,hi,766
7,3,hi,744
7,4,hi,724
7,5,hi,770
7,6,hi,749
7,7,hi,695
7,8,hi,790
7,9,hi,736
7,10,hi,746
7,11,hi,704
7,12,hi,731
7,13,hi,718
7,14,hi,738
7,15,hi,749
7,16,hi,709
7,17,hi,756
7,18,hi,759
7,19,hi,734
7,20,hi,768
7,21,hi,769
7,22,hi,730
7,23,hi,721
7,24,hi,756
7,25,hi,755
7,26,hi,745
7,27,hi,768
7,28,hi,748
7,29,hi,746
7,30,hi,754
7,31,hi,798
7,32,hi,751
7,33,hi,729
7,34,hi,676
7,35,hi,726
7,36,hi,721
7,37,hi,759
7,38,hi,728
7,39,hi,694
7,40,hi,759
7,41,hi,741
7,42,hi,709
7,43,hi,752
7,44,hi,755
7,45,hi,739
7,46,hi,756
7,47,hi,713
7,48,hi,763
7,49,hi,799
7,50,hi,717
7,51,hi,747
7,52,hi,743
7,53,hi,742
7,54,hi,746
7,55,hi,715
7,56,hi,729
7,57,hi,732
7,58,hi,769
7,59,hi,772
7,60,hi,758
7,1,lo,711
7,2,lo,697
7,3,lo,673
7,4,lo,708
7,5,lo,728
7,6,lo,688
7,7,lo,656
7,8,lo,706
7,9,lo,702
7,10,lo,708
7,11,lo,666
7,12,lo,718
7,13,lo,695
7,14,lo,710
7,15,lo,689
7,16,lo,686
7,17,lo,702
7,18,lo,642
7,19,lo,708
7,20,lo,691
7,21,lo,687
7,22,lo,665
7,23,lo,678
7,24,lo,670
7,25,lo,659
7,26,lo,669
7,27,lo,650
7,28,lo,721
7,29,lo,648
7,30,lo,706
7,31,lo,700
7,32,lo,728
7,33,lo,737
7,34,lo,666
7,35,lo,663
7,36,lo,690
7,37,lo,706
7,38,lo,699
7,39,lo,713
7,40,lo,698
7,41,lo,657
7,42,lo,693
7,43,lo,717
7,44,lo,701
7,45,lo,665
7,46,lo,650
7,47,lo,754
7,48,lo,672
7,49,lo,695
7,50,lo,678
7,51,lo,687
7,52,lo,721
7,53,lo,717
7,54,lo,699
7,55,lo,714
7,56,lo,707
7,57,lo,668
7,58,lo,690
7,59,lo,685
7,60,lo,672
8,1,hi,759
8,2,hi,841
8,3,hi,836
8,4,hi,795
8,5,hi,809
8,6,hi,821
8,7,hi,809
8,8,hi,772
8,9,hi,843
8,10,hi,764
8,11,hi,798
8,12,hi,831
8,13,hi,836
8,14,hi,865
8,15,hi,822
8,16,hi,817
8,17,hi,820
8,18,hi,810
8,19,hi,846
8,20,hi,787
8,21,hi,852
8,22,hi,841
8,23,hi,809
8,24,hi,840
8,25,hi,790
8,26,hi,814
8,27,hi,793
8,28,hi,778
8,29,hi,825
8,30,hi,837
8,31,hi,805
8,32,hi,827
8,33,hi,843
8,34,hi,786
8,35,hi,833
8,36,hi,791
8,37,hi,789
8,38,hi,789
8,39,hi,822
8,40,hi,807
8,41,hi,854
8,42,hi,827
8,43,hi,765
8,44,hi,787
8,45,hi,825
8,46,hi,812
8,47,hi,737
8,48,hi,831
8,49,hi,812
8,50,hi,821
8,51,hi,807
8,52,hi,777
8,53,hi,783
8,54,hi,813
8,55,hi,825
8,56,hi,782
8,57,hi,818
8,58,hi,829
8,59,hi,826
8,60,hi,816
8,1,lo,773
8,2,lo,736
8,3,lo,727
8,4,lo,706
8,5,lo,738
8,6,lo,793
8,7,lo,743
8,8,lo,756
8,9,lo,782
8,10,lo,773
8,11,lo,784
8,12,lo,801
8,13,lo,724
8,14,lo,772
8,15,lo,734
8,16,lo,748
8,17,lo,748
8,18,lo,757
8,19,lo,755
8,20,lo,745
8,21,lo,774
8,22,lo,771
8,23,lo,732
8,24,lo,719
8,25,lo,741
8,26,lo,762
8,27,lo,724
8,28,lo,784
8,29,lo,752
8,30,lo,763
8,31,lo,692
8,32,lo,774
8,33,lo,764
8,34,lo,796
8,35,lo,749
8,36,lo,750
8,37,lo,748
8,38,lo,758
8,39,lo,748
8,40,lo,783
8,41,lo,780
8,42,lo,740
8,43,lo,789
8,44,lo,784
8,45,lo,757
8,46,lo,743
8,47,lo,756
8,48,lo,767
8,49,lo,730
8,50,lo,749
8,51,lo,748
8,52,lo,742
8,53,lo,736
8,54,lo,766
8,55,lo,766
8,56,lo,719
8,57,lo,728
8,58,lo,769
8,59,lo,791
8,60,lo,800
9,1,hi,718
9,2,hi,709
9,3,hi,714
9,4,hi,681
9,5,hi,767
9,6,hi,724
9,7,hi,714
9,8,hi,726
9,9,hi,689
9,10,hi,724
9,11,hi,740
9,12,hi,719
9,13,hi,723
9,14,hi,737
9,15,hi,737
9,16,hi,758
9,17,hi,755
9,18,hi,707
9,19,hi,707
9,20,hi,635
9,21,hi,722
9,22,hi,713
9,23,hi,753
9,24,hi,737
9,25,hi,730
9,26,hi,729
9,27,hi,737
9,28,hi,728
9,29,hi,689
9,30,hi,735
9,31,hi,727
9,32,hi,688
9,33,hi,740
9,34,hi,714
9,35,hi,694
9,36,hi,767
9,37,hi,735
9,38,hi,707
9,39,hi,729
9,40,hi,776
9,41,hi,725
9,42,hi,730
9,43,hi,714
9,44,hi,716
9,45,hi,752
9,46,hi,711
9,47,hi,722
9,48,hi,766
9,49,hi,678
9,50,hi,746
9,51,hi,702
9,52,hi,706
9,53,hi,736
9,54,hi,745
9,55,hi,684
9,56,hi,760
9,57,hi,704
9,58,hi,716
9,59,hi,768
9,60,hi,743
9,1,lo,695
9,2,lo,676
9,3,lo,702
9,4,lo,647
9,5,lo,646
9,6,lo,648
9,7,lo,705
9,8,lo,665
9,9,lo,685
9,10,lo,691
9,11,lo,625
9,12,lo,697
9,13,lo,686
9,14,lo,625
9,15,lo,670
9,16,lo,637
9,17,lo,690
9,18,lo,684
9,19,lo,676
9,20,lo,693
9,21,lo,684
9,22,lo,690
9,23,lo,660
9,24,lo,703
9,25,lo,687
9,26,lo,681
9,27,lo,699
9,28,lo,665
9,29,lo,664
9,30,lo,675
9,31,lo,671
9,32,lo,677
9,33,lo,664
9,34,lo,682
9,35,lo,695
9,36,lo,665
9,37,lo,662
9,38,lo,661
9,39,lo,708
9,40,lo,702
9,41,lo,654
9,42,lo,666
9,43,lo,636
9,44,lo,667
9,45,lo,676
9,46,lo,681
9,47,lo,701
9,48,lo,669
9,49,lo,636
9,50,lo,663
9,51,lo,713
9,52,lo,688
9,53,lo,681
9,54,lo,649
9,55,lo,648
9,56,lo,684
9,57,lo,675
9,58,lo,653
9,59,lo,635
9,60,lo,682
10,1,hi,748
10,2,hi,784
10,3,hi,800
10,4,hi,756
10,5,hi,793
10,6,hi,792
10,7,hi,785
10,8,hi,780
10,9,hi,806
10,10,hi,782
10,11,hi,743
10,12,hi,778
10,13,hi,778
10,14,hi,753
10,15,hi,821
10,16,hi,783
10,17,hi,820
10,18,hi,774
10,19,hi,811
10,20,hi,786
10,21,hi,777
10,22,hi,773
10,23,hi,759
10,24,hi,774
10,25,hi,815
10,26,hi,815
10,27,hi,754
10,28,hi,792
10,29,hi,765
10,30,hi,769
10,31,hi,787
10,32,hi,820
10,33,hi,760
10,34,hi,778
10,35,hi,809
10,36,hi,762
10,37,hi,833
10,38,hi,782
10,39,hi,789
10,40,hi,790
10,41,hi,784
10,42,hi,729
10,43,hi,815
10,44,hi,805
10,45,hi,781
10,46,hi,792
10,47,hi,769
10,48,hi,763
10,49,hi,780
10,50,hi,823
10,51,hi,793
10,52,hi,816
10,53,hi,789
10,54,hi,766
10,55,hi,791
10,56,hi,708
10,57,hi,803
10,58,hi,771
10,59,hi,776
10,60,hi,750
10,1,lo,758
10,2,lo,796
10,3,lo,743
10,4,lo,756
10,5,lo,794
10,6,lo,721
10,7,lo,714
10,8,lo,746
10,9,lo,762
10,10,lo,756
10,11,lo,738
10,12,lo,739
10,13,lo,683
10,14,lo,710
10,15,lo,723
10,16,lo,714
10,17,lo,745
10,18,lo,689
10,19,lo,788
10,20,lo,724
10,21,lo,712
10,22,lo,688
10,23,lo,748
10,24,lo,774
10,25,lo,783
10,26,lo,746
10,27,lo,720
10,28,lo,749
10,29,lo,735
10,30,lo,741
10,31,lo,727
10,32,lo,740
10,33,lo,734
10,34,lo,724
10,35,lo,703
10,36,lo,748
10,37,lo,769
10,38,lo,699
10,39,lo,745
10,40,lo,771
10,41,lo,711
10,42,lo,772
10,43,lo,756
10,44,lo,740
10,45,lo,759
10,46,lo,759
10,47,lo,740
10,48,lo,718
10,49,lo,752
10,50,lo,712
10,51,lo,730
10,52,lo,722
10,53,lo,773
10,54,lo,703
10,55,lo,721
10,56,lo,759
10,57,lo,712
10,58,lo,763
10,59,lo,715
10,60,lo,730
11,1,hi,801
11,2,hi,878
11,3,hi,832
11,4,hi,770
11,5,hi,796
11,6,hi,796
11,7,hi,858
11,8,hi,867
11,9,hi,829
11,10,hi,806
11,11,hi,799
11,12,hi,824
11,13,hi,805
11,14,hi,783
11,15,hi,853
11,16,hi,804
11,17,hi,792
11,18,hi,789
11,19,hi,830
11,20,hi,846
11,21,hi,850
11,22,hi,787
11,23,hi,818
11,24,hi,846
11,25,hi,829
11,26,hi,796
11,27,hi,792
11,28,hi,845
11,29,hi,811
11,30,hi,796
11,31,hi,818
11,32,hi,815
11,33,hi,823
11,34,hi,775
11,35,hi,794
11,36,hi,802
11,37,hi,836
11,38,hi,833
11,39,hi,844
11,40,hi,850
11,41,hi,838
11,42,hi,823
11,43,hi,780
11,44,hi,828
11,45,hi,828
11,46,hi,842
11,47,hi,833
11,48,hi,795
11,49,hi,831
11,50,hi,803
11,51,hi,847
11,52,hi,799
11,53,hi,814
11,54,hi,843
11,55,hi,783
11,56,hi,847
11,57,hi,809
11,58,hi,834
11,59,hi,828
11,60,hi,803
11,1,lo,795
11,2,lo,759
11,3,lo,746
11,4,lo,745
11,5,lo,775
11,6,lo,798
11,7,lo,746
11,8,lo,742
11,9,lo,796
11,10,lo,771
11,11,lo,746
11,12,lo,813
11,13,lo,748
11,14,lo,773
11,15,lo,774
11,16,lo,765
11,17,lo,759
11,18,lo,804
11,19,lo,784
11,20,lo,779
11,21,lo,798
11,22,lo,760
11,23,lo,772
11,24,lo,730
11,25,lo,730
11,26,lo,781
11,27,lo,741
11,28,lo,784
11,29,lo,790
11,30,lo,798
11,31,lo,790
11,32,lo,758
11,33,lo,735
11,34,lo,773
11,35,lo,730
11,36,lo,733
11,37,lo,776
11,38,lo,750
11,39,lo,746
11,40,lo,782
11,41,lo,718
11,42,lo,775
11,43,lo,810
11,44,lo,756
11,45,lo,744
11,46,lo,796
11,47,lo,779
11,48,lo,771
11,49,lo,815
11,50,lo,800
11,51,lo,776
11,52,lo,734
11,53,lo,789
11,54,lo,802
11,55,lo,770
11,56,lo,772
11,57,lo,788
11,58,lo,742
11,59,lo,749
11,60,lo,758
12,1,hi,953
12,2,hi,881
12,3,hi,852
12,4,hi,905
12,5,hi,904
12,6,hi,912
12,7,hi,923
12,8,hi,904
12,9,hi,873
12,10,hi,881
12,11,hi,837
12,12,hi,897
12,13,hi,901
12,14,hi,932
12,15,hi,906
12,16,hi,872
12,17,hi,910
12,18,hi,923
12,19,hi,930
12,20,hi,895
12,21,hi,909
12,22,hi,893
12,23,hi,902
12,24,hi,865
12,25,hi,881
12,26,hi,943
12,27,hi,917
12,28,hi,867
12,29,hi,913
12,30,hi,946
12,31,hi,894
12,32,hi,914
12,33,hi,898
12,34,hi,905
12,35,hi,941
12,36,hi,934
12,37,hi,891
12,38,hi,912
12,39,hi,866
12,40,hi,943
12,41,hi,910
12,42,hi,892
12,43,hi,906
12,44,hi,870
12,45,hi,919
12,46,hi,916
12,47,hi,919
12,48,hi,906
12,49,hi,912
12,50,hi,898
12,51,hi,870
12,52,hi,926
12,53,hi,918
12,54,hi,875
12,55,hi,892
12,56,hi,878
12,57,hi,903
12,58,hi,900
12,59,hi,869
12,60,hi,887
12,1,lo,826
12,2,lo,870
12,3,lo,883
12,4,lo,846
12,5,lo,788
12,6,lo,833
12,7,lo,870
12,8,lo,851
12,9,lo,833
12,10,lo,835
12,11,lo,802
12,12,lo,842
12,13,lo,874
12,14,lo,860
12,15,lo,879
12,16,lo,806
12,17,lo,854
12,18,lo,843
12,19,lo,851
12,20,lo,878
12,21,lo,845
12,22,lo,886
12,23,lo,847
12,24,lo,848
12,25,lo,884
12,26,lo,866
12,27,lo,862
12,28,lo,904
12,29,lo,818
12,30,lo,866
12,31,lo,862
12,32,lo,885
12,33,lo,861
12,34,lo,808
12,35,lo,844
12,36,lo,842
12,37,lo,832
12,38,lo,907
12,39,lo,812
12,40,lo,866
12,41,lo,841
12,42,lo,909
12,43,lo,834
12,44,lo,826
12,45,lo,839
12,46,lo,801
12,47,lo,918
12,48,lo,885
12,49,lo,868
12,50,lo,829
12,51,lo,865
12,52,lo,857
12,53,lo,878
12,54,lo,839
12,55,lo,847
12,56,lo,878
12,57,lo,902
12,58,lo,882
12,59,lo,858
12,60,lo,812
13,1,hi,672
13,2,hi,767
13,3,hi,737
13,4,hi,705
13,5,hi,723
13,6,hi,728
13,7,hi,664
13,8,hi,690
13,9,hi,718
13,10,hi,738
13,11,hi,694
13,12,hi,699
13,13,hi,700
13,14,hi,719
13,15,hi,703
13,16,hi,752
13,17,hi,708
13,18,hi,722
13,19,hi,767
13,20,hi,707
13,21,hi,688
13,22,hi,729
13,23,hi,733
13,24,hi,647
13,25,hi,722
13,26,hi,699
13,27,hi,751
13,28,hi,744
13,29,hi,687
13,30,hi,744
13,31,hi,739
13,32,hi,689
13,33,hi,754
13,34,hi,699
13,35,hi,689
13,36,hi,750
13,37,hi,739
13,38,hi,719
13,39,hi,737
13,40,hi,692
13,41,hi,747
13,42,hi,709
13,43,hi,696
13,44,hi,686
13,45,hi,730
13,46,hi,726
13,47,hi,678
13,48,hi,708
13,49,hi,707
13,50,hi,733
13,51,hi,722
13,52,hi,730
13,53,hi,685
13,54,hi,699
13,55,hi,706
13,56,hi,694
13,57,hi,769
13,58,hi,675
13,59,hi,718
13,60,hi,718
13,1,lo,696
13,2,lo,691
13,3,lo,685
13,4,lo,717
13,5,lo,621
13,6,lo,642
13,7,lo,626
13,8,lo,671
13,9,lo,705
13,10,lo,648
13,11,lo,626
13,12,lo,655
13,13,lo,670
13,14,lo,654
13,15,lo,679
13,16,lo,635
13,17,lo,609
13,18,lo,692
13,19,lo,683
13,20,lo,678
13,21,lo,612
13,22,lo,677
13,23,lo,679
13,24,lo,669
13,25,lo,660
13,26,lo,649
13,27,lo,678
13,28,lo,649
13,29,lo,667
13,30,lo,614
13,31,lo,665
13,32,lo,672
13,33,lo,634
13,34,lo,648
13,35,lo,694
13,36,lo,635
13,37,lo,650
13,38,lo,686
13,39,lo,670
13,40,lo,684
13,41,lo,649
13,42,lo,631
13,43,lo,637
13,44,lo,675
13,45,lo,689
13,46,lo,659
13,47,lo,656
13,48,lo,689
13,49,lo,633
13,50,lo,657
13,51,lo,612
13,52,lo,632
13,53,lo,697
13,54,lo,667
13,55,lo,671
13,56,lo,642
13,57,lo,623
13,58,lo,687
13,59,lo,666
13,60,lo,657
14,1,hi,896
14,2,hi,879
14,3,hi,920
14,4,hi,893
14,5,hi,956
14,6,hi,888
14,7,hi,910
14,8,hi,916
14,9,hi,938
14,10,hi,926
14,11,hi,912
14,12,hi,919
14,13,hi,888
14,14,hi,911
14,15,hi,910
14,16,hi,920
14,17,hi,914
14,18,hi,889
14,19,hi,936
14,20,hi,904
14,21,hi,938
14,22,hi,942
14,23,hi,931
14,24,hi,900
14,25,hi,943
14,26,hi,904
14,27,hi,951
14,28,hi,903
14,29,hi,917
14,30,hi,909
14,31,hi,862
14,32,hi,914
14,33,hi,919
14,34,hi,878
14,35,hi,941
14,36,hi,896
14,37,hi,943
14,38,hi,924
14,39,hi,917
14,40,hi,905
14,41,hi,904
14,42,hi,880
14,43,hi,876
14,44,hi,907
14,45,hi,896
14,46,hi,918
14,47,hi,909
14,48,hi,895
14,49,hi,890
14,50,hi,934
14,51,hi,922
14,52,hi,905
14,53,hi,921
14,54,hi,905
14,55,hi,921
14,56,hi,871
14,57,hi,910
14,58,hi,921
14,59,hi,952
14,60,hi,892
14,1,lo,855
14,2,lo,868
14,3,lo,834
14,4,lo,867
14,5,lo,879
14,6,lo,875
14,7,lo,920
14,8,lo,893
14,9,lo,824
14,10,lo,829
14,11,lo,918
14,12,lo,845
14,13,lo,860
14,14,lo,904
14,15,lo,886
14,16,lo,891
14,17,lo,889
14,18,lo,859
14,19,lo,851
14,20,lo,854
14,21,lo,851
14,22,lo,867
14,23,lo,858
14,24,lo,876
14,25,lo,857
14,26,lo,879
14,27,lo,878
14,28,lo,861
14,29,lo,867
14,30,lo,878
14,31,lo,911
14,32,lo,892
14,33,lo,836
14,34,lo,892
14,35,lo,869
14,36,lo,870
14,37,lo,819
14,38,lo,872
14,39,lo,904
14,40,lo,876
14,41,lo,887
14,42,lo,872
14,43,lo,848
14,44,lo,890
14,45,lo,866
14,46,lo,888
14,47,lo,825
14,48,lo,864
14,49,lo,863
14,50,lo,848
14,51,lo,893
14,52,lo,817
14,53,lo,814
14,54,lo,824
14,55,lo,898
14,56,lo,894
14,57,lo,836
14,58,lo,834
14,59,lo,843
14,60,lo,871
15,1,hi,967
15,2,hi,964
15,3,hi,973
15,4,hi,972
15,5,hi,1022
15,6,hi,966
15,7,hi,978
15,8,hi,986
15,9,hi,962
15,10,hi,974
15,11,hi,993
15,12,hi,988
15,13,hi,1021
15,14,hi,985
15,15,hi,962
15,16,hi,997
15,17,hi,975
15,18,hi,983
15,19,hi,996
15,20,hi,957
15,21,hi,980
15,22,hi,994
15,23,hi,976
15,24,hi,1012
15,25,hi,1027
15,26,hi,1002
15,27,hi,987
15,28,hi,984
15,29,hi,959
15,30,hi,985
15,31,hi,1029
15,32,hi,1021
15,33,hi,991
15,34,hi,948
15,35,hi,966
15,36,hi,1011
15,37,hi,962
15,38,hi,972
15,39,hi,967
15,40,hi,961
15,41,hi,1018
15,42,hi,1013
15,43,hi,952
15,44,hi,985
15,45,hi,981
15,46,hi,1014
15,47,hi,990
15,48,hi,996
15,49,hi,984
15,50,hi,1021
15,51,hi,985
15,52,hi,988
15,53,hi,964
15,54,hi,988
15,55,hi,964
15,56,hi,981
15,57,hi,933
15,58,hi,1008
15,59,hi,974
15,60,hi,1018
15,1,lo,926
15,2,lo,943
15,3,lo,929
15,4,lo,889
15,5,lo,938
15,6,lo,935
15,7,lo,904
15,8,lo,920
15,9,lo,936
15,10,lo,930
15,11,lo,933
15,12,lo,917
15,13,lo,929
15,14,lo,946
15,15,lo,922
15,16,lo,950
15,17,lo,981
15,18,lo,937
15,19,lo,950
15,20,lo,918
15,21,lo,912
15,22,lo,958
15,23,lo,944
15,24,lo,947
15,25,lo,943
15,26,lo,976
15,27,lo,973
15,28,lo,922
15,29,lo,890
15,30,lo,913
15,31,lo,1031
15,32,lo,934
15,33,lo,940
15,34,lo,953
15,35,lo,992
15,36,lo,949
15,37,lo,943
15,38,lo,928
15,39,lo,896
15,40,lo,919
15,41,lo,972
15,42,lo,901
15,43,lo,960
15,44,lo,961
15,45,lo,971
15,46,lo,915
15,47,lo,933
15,48,lo,930
15,49,lo,922
15,50,lo,936
15,51,lo,948
15,52,lo,952
15,53,lo,927
15,54,lo,957
15,55,lo,977
15,56,lo,930
15,57,lo,890
15,58,lo,935
15,59,lo,928
15,60,lo,954
16,1,hi,837
16,2,hi,840
16,3,hi,838
16,4,hi,874
16,5,hi,838
16,6,hi,853
16,7,hi,795
16,8,hi,846
16,9,hi,849
16,10,hi,786
16,11,hi,860
16,12,hi,833
16,13,hi,822
16,14,hi,846
16,15,hi,821
16,16,hi,850
16,17,hi,838
16,18,hi,838
16,19,hi,831
16,20,hi,841
16,21,hi,825
16,22,hi,869
16,23,hi,901
16,24,hi,778
16,25,hi,834
16,26,hi,851
16,27,hi,810
16,28,hi,778
16,29,hi,844
16,30,hi,803
16,31,hi,832
16,32,hi,838
16,33,hi,862
16,34,hi,844
16,35,hi,785
16,36,hi,821
16,37,hi,850
16,38,hi,886
16,39,hi,873
16,40,hi,824
16,41,hi,806
16,42,hi,826
16,43,hi,813
16,44,hi,830
16,45,hi,888
16,46,hi,846
16,47,hi,832
16,48,hi,830
16,49,hi,873
16,50,hi,820
16,51,hi,841
16,52,hi,850
16,53,hi,860
16,54,hi,839
16,55,hi,832
16,56,hi,884
16,57,hi,853
16,58,hi,842
16,59,hi,840
16,60,hi,827
16,1,lo,807
16,2,lo,804
16,3,lo,782
16,4,lo,785
16,5,lo,805
16,6,lo,764
16,7,lo,810
16,8,lo,861
16,9,lo,778
16,10,lo,837
16,11,lo,776
16,12,lo,770
16,13,lo,822
16,14,lo,808
16,15,lo,788
16,16,lo,768
16,17,lo,802
16,18,lo,802
16,19,lo,774
16,20,lo,783
16,21,lo,788
16,22,lo,803
16,23,lo,772
16,24,lo,750
16,25,lo,789
16,26,lo,778
16,27,lo,822
16,28,lo,835
16,29,lo,758
16,30,lo,786
16,31,lo,765
16,32,lo,777
16,33,lo,772
16,34,lo,807
16,35,lo,749
16,36,lo,763
16,37,lo,837
16,38,lo,832
16,39,lo,815
16,40,lo,743
16,41,lo,786
16,42,lo,808
16,43,lo,799
16,44,lo,750
16,45,lo,782
16,46,lo,780
16,47,lo,781
16,48,lo,820
16,49,lo,775
16,50,lo,776
16,51,lo,809
16,52,lo,813
16,53,lo,813
16,54,lo,797
16,55,lo,776
16,56,lo,798
16,57,lo,784
16,58,lo,806
16,59,lo,764
16,60,lo,835
17,1,hi,801
17,2,hi,808
17,3,hi,802
17,4,hi,852
17,5,hi,781
17,6,hi,770
17,7,hi,813
17,8,hi,806
17,9,hi,793
17,10,hi,839
17,11,hi,799
17,12,hi,776
17,13,hi,773
17,14,hi,812
17,15,hi,809
17,16,hi,812
17,17,hi,825
17,18,hi,830
17,19,hi,822
17,20,hi,760
17,21,hi,852
17,22,hi,813
17,23,hi,805
17,24,hi,816
17,25,hi,840
17,26,hi,816
17,27,hi,808
17,28,hi,771
17,29,hi,824
17,30,hi,788
17,31,hi,760
17,32,hi,767
17,33,hi,807
17,34,hi,826
17,35,hi,817
17,36,hi,778
17,37,hi,814
17,38,hi,789
17,39,hi,825
17,40,hi,845
17,41,hi,780
17,42,hi,834
17,43,hi,844
17,44,hi,798
17,45,hi,827
17,46,hi,773
17,47,hi,801
17,48,hi,790
17,49,hi,869
17,50,hi,822
17,51,hi,812
17,52,hi,804
17,53,hi,779
17,54,hi,804
17,55,hi,801
17,56,hi,777
17,57,hi,787
17,58,hi,789
17,59,hi,834
17,60,hi,800
17,1,lo,735
17,2,lo,784
17,3,lo,773
17,4,lo,714
17,5,lo,740
17,6,lo,743
17,7,lo,797
17,8,lo,733
17,9,lo,737
17,10,lo,736
17,11,lo,767
17,12,lo,773
17,13,lo,820
17,14,lo,773
17,15,lo,774
17,16,lo,750
17,17,lo,765
17,18,lo,777
17,19,lo,755
17,20,lo,731
17,21,lo,806
17,22,lo,729
17,23,lo,751
17,24,lo,763
17,25,lo,745
17,26,lo,787
17,27,lo,742
17,28,lo,735
17,29,lo,779
17,30,lo,775
17,31,lo,771
17,32,lo,779
17,33,lo,769
17,34,lo,793
17,35,lo,789
17,36,lo,749
17,37,lo,768
17,38,lo,778
17,39,lo,789
17,40,lo,793
17,41,lo,777
17,42,lo,741
17,43,lo,749
17,44,lo,776
17,45,lo,798
17,46,lo,757
17,47,lo,721
17,48,lo,759
17,49,lo,768
17,50,lo,779
17,51,lo,768
17,52,lo,806
17,53,lo,782
17,54,lo,743
17,55,lo,723
17,56,lo,747
17,57,lo,767
17,58,lo,741
17,59,lo,774
17,60,lo,738
18,1,hi,753
18,2,hi,783
18,3,hi,786
18,4,hi,811
18,5,hi,777
18,6,hi,785
18,7,hi,808
18,8,hi,809
18,9,hi,755
18,10,hi,799
18,11,hi,792
18,12,hi,776
18,13,hi,765
18,14,hi,755
18,15,hi,777
18,16,hi,798
18,17,hi,750
18,18,hi,745
18,19,hi,748
18,20,hi,811
18,21,hi,771
18,22,hi,789
18,23,hi,772
18,24,hi,772
18,25,hi,792
18,26,hi,762
18,27,hi,788
18,28,hi,782
18,29,hi,813
18,30,hi,796
18,31,hi,786
18,32,hi,789
18,33,hi,792
18,34,hi,782
18,35,hi,803
18,36,hi,799
18,37,hi,762
18,38,hi,780
18,39,hi,764
18,40,hi,771
18,41,hi,800
18,42,hi,793
18,43,hi,781
18,44,hi,774
18,45,hi,755
18,46,hi,795
18,47,hi,798
18,48,hi,799
18,49,hi,818
18,50,hi,805
18,51,hi,728
18,52,hi,778
18,53,hi,783
18,54,hi,791
18,55,hi,766
18,56,hi,786
18,57,hi,749
18,58,hi,786
18,59,hi,792
18,60,hi,754
18,1,lo,722
18,2,lo,700
18,3,lo,755
18,4,lo,766
18,5,lo,693
18,6,lo,743
18,7,lo,731
18,8,lo,716
18,9,lo,752
18,10,lo,714
18,11,lo,714
18,12,lo,732
18,13,lo,694
18,14,lo,732
18,15,lo,754
18,16,lo,748
18,17,lo,748
18,18,lo,704
18,19,lo,767
18,20,lo,745
18,21,lo,725
18,22,lo,771
18,23,lo,702
18,24,lo,719
18,25,lo,759
18,26,lo,719
18,27,lo,740
18,28,lo,756
18,29,lo,752
18,30,lo,727
18,31,lo,734
18,32,lo,757
18,33,lo,709
18,34,lo,711
18,35,lo,723
18,36,lo,691
18,37,lo,717
18,38,lo,731
18,39,lo,739
18,40,lo,729
18,41,lo,727
18,42,lo,728
18,43,lo,729
18,44,lo,729
18,45,lo,710
18,46,lo,702
18,47,lo,721
18,48,lo,786
18,49,lo,717
18,50,lo,684
18,51,lo,734
18,52,lo,737
18,53,lo,731
18,54,lo,743
18,55,lo,722
18,56,lo,692
18,57,lo,734
18,58,lo,763
18,59,lo,706
18,60,lo,715
19,1,hi,891
19,2,hi,871
19,3,hi,882
19,4,hi,850
19,5,hi,867
19,6,hi,884
19,7,hi,850
19,8,hi,843
19,9,hi,885
19,10,hi,877
19,11,hi,854
19,12,hi,904
19,13,hi,914
19,14,hi,865
19,15,hi,871
19,16,hi,876
19,17,hi,887
19,18,hi,834
19,19,hi,873
19,20,hi,898
19,21,hi,880
19,22,hi,899
19,23,hi,903
19,24,hi,858
19,25,hi,873
19,26,hi,865
19,27,hi,885
19,28,hi,823
19,29,hi,849
19,30,hi,868
19,31,hi,830
19,32,hi,840
19,33,hi,895
19,34,hi,869
19,35,hi,918
19,36,hi,841
19,37,hi,883
19,38,hi,885
19,39,hi,851
19,40,hi,876
19,41,hi,883
19,42,hi,886
19,43,hi,817
19,44,hi,833
19,45,hi,885
19,46,hi,869
19,47,hi,902
19,48,hi,879
19,49,hi,869
19,50,hi,901
19,51,hi,875
19,52,hi,904
19,53,hi,881
19,54,hi,876
19,55,hi,876
19,56,hi,830
19,57,hi,845
19,58,hi,877
19,59,hi,892
19,60,hi,887
19,1,lo,866
19,2,lo,856
19,3,lo,811
19,4,lo,846
19,5,lo,814
19,6,lo,855
19,7,lo,868
19,8,lo,838
19,9,lo,807
19,10,lo,841
19,11,lo,851
19,12,lo,817
19,13,lo,830
19,14,lo,844
19,15,lo,799
19,16,lo,826
19,17,lo,782
19,18,lo,826
19,19,lo,858
19,20,lo,814
19,21,lo,850
19,22,lo,858
19,23,lo,815
19,24,lo,821
19,25,lo,829
19,26,lo,847
19,27,lo,811
19,28,lo,825
19,29,lo,798
19,30,lo,807
19,31,lo,830
19,32,lo,825
19,33,lo,799
19,34,lo,801
19,35,lo,905
19,36,lo,834
19,37,lo,826
19,38,lo,843
19,39,lo,789
19,40,lo,849
19,41,lo,832
19,42,lo,775
19,43,lo,815
19,44,lo,826
19,45,lo,872
19,46,lo,859
19,47,lo,786
19,48,lo,822
19,49,lo,773
19,50,lo,848
19,51,lo,816
19,52,lo,856
19,53,lo,833
19,54,lo,874
19,55,lo,771
19,56,lo,826
19,57,lo,823
19,58,lo,901
19,59,lo,806
19,60,lo,810
20,1,hi,881
20,2,hi,925
20,3,hi,918
20,4,hi,914
20,5,hi,876
20,6,hi,842
20,7,hi,887
20,8,hi,874
20,9,hi,888
20,10,hi,871
20,11,hi,933
20,12,hi,859
20,13,hi,910
20,14,hi,889
20,15,hi,885
20,16,hi,904
20,17,hi,860
20,18,hi,869
20,19,hi,875
20,20,hi,926
20,21,hi,887
20,22,hi,925
20,23,hi,903
20,24,hi,900
20,25,hi,902
20,26,hi,885
20,27,hi,886
20,28,hi,918
20,29,hi,910
20,30,hi,898
20,31,hi,858
20,32,hi,870
20,33,hi,907
20,34,hi,857
20,35,hi,896
20,36,hi,894
20,37,hi,835
20,38,hi,861
20,39,hi,919
20,40,hi,846
20,41,hi,894
20,42,hi,931
20,43,hi,879
20,44,hi,868
20,45,hi,910
20,46,hi,922
20,47,hi,864
20,48,hi,890
20,49,hi,853
20,50,hi,888
20,51,hi,875
20,52,hi,906
20,53,hi,892
20,54,hi,895
20,55,hi,893
20,56,hi,913
20,57,hi,906
20,58,hi,876
20,59,hi,919
20,60,hi,906
20,1,lo,858
20,2,lo,824
20,3,lo,814
20,4,lo,825
20,5,lo,806
20,6,lo,837
20,7,lo,830
20,8,lo,866
20,9,lo,855
20,10,lo,840
20,11,lo,842
20,12,lo,826
20,13,lo,829
20,14,lo,823
20,15,lo,865
20,16,lo,812
20,17,lo,854
20,18,lo,867
20,19,lo,870
20,20,lo,824
20,21,lo,831
20,22,lo,859
20,23,lo,886
20,24,lo,853
20,25,lo,809
20,26,lo,871
20,27,lo,827
20,28,lo,850
20,29,lo,914
20,30,lo,877
20,31,lo,885
20,32,lo,832
20,33,lo,840
20,34,lo,861
20,35,lo,838
20,36,lo,841
20,37,lo,888
20,38,lo,861
20,39,lo,870
20,40,lo,837
20,41,lo,861
20,42,lo,851
20,43,lo,861
20,44,lo,861
20,45,lo,891
20,46,lo,822
20,47,lo,866
20,48,lo,873
20,49,lo,823
20,50,lo,819
20,51,lo,827
20,52,lo,824
20,53,lo,832
20,54,lo,833
20,55,lo,862
20,56,lo,867
20,57,lo,791
20,58,lo,868
20,59,lo,857
20,60,lo,870
