subj,trial,load,p_size
701,1,2,1021.4085659287776
701,2,1,951.4348795718109
701,3,5,1063.9569471624266
701,4,4,913.4870766488414
701,5,0,602.6868495742668
701,6,3,826.2198929527208
701,7,0,463.80212355212353
701,8,4,757.5520926090828
701,9,2,732.9429400386847
701,10,3,590.6491071428571
701,11,5,878.7382012466608
701,12,1,851.1800785083415
701,13,4,772.2361853832442
701,14,3,829.3485849056603
701,15,0,455.47903657448705
701,16,1,587.8026948989412
701,17,2,713.0503116651826
701,18,5,708.4416586306654
701,19,1,707.6642300194932
701,20,5,787.3698752228164
701,21,2,566.9307620817843
701,22,3,722.1417112299465
701,23,0,540.0611577964519
701,24,4,666.924688057041
701,25,2,698.2347417840375
701,26,1,652.6697944593387
701,27,3,575.6082887700535
701,28,0,626.4327094474153
701,29,5,572.8626226583408
701,30,4,726.1621240601504
701,31,5,751.8257575757576
701,32,1,727.1855486173059
701,33,2,624.94375
701,34,3,682.8066479400749
701,35,4,687.1353517364203
701,36,0,635.536128456735
701,37,3,613.6062992125984
701,38,4,654.6274509803922
701,39,1,556.5069101678183
701,40,2,645.2146037399822
701,41,0,600.5240793201133
702,1,1,1609.603550295858
702,2,4,1654.0424107142858
702,3,5,1681.060106856634
702,4,0,1407.701871657754
702,5,2,1604.5191964285714
702,6,3,1582.7861607142856
702,7,5,1650.2457777777777
702,8,0,1497.3042895442359
702,9,2,1616.745042492918
702,10,3,1702.2620320855615
702,11,4,1609.5123106060605
702,12,1,1659.0191964285714
702,14,1,1625.1610087293889
702,15,0,1493.1656222023278
702,16,4,1600.2901069518716
702,17,3,1648.680926916221
702,18,2,1725.619751908397
702,19,0,1619.9278202676865
702,20,2,1616.194816800715
702,21,3,1700.635068762279
702,22,4,1667.8810375670841
702,23,1,1641.6773618538325
702,24,5,1630.6351471900089
702,25,3,1657.2332738626226
702,26,1,1721.3287735849055
702,27,5,1691.9014272970562
702,28,2,1614.0240856378234
702,29,0,1101.007111111111
702,30,4,1716.8200892857142
702,31,1,1699.2894736842106
702,32,0,1372.448706512043
702,33,3,1611.6471900089207
702,34,4,1699.4348214285715
702,35,2,1700.1110615521854
702,36,5,1711.5405525846702
702,37,0,1373.5608237547892
702,38,5,1549.20625
702,39,4,1644.7273948075201
702,40,2,1560.6219946571682
702,41,1,1584.4411206077873
702,42,3,1571.7093132643463
702,43,4,1546.3699731903484
702,44,1,1559.234375
702,45,0,1540.7433962264151
702,46,3,1517.4092940125113
702,47,5,1548.8738859180035
702,48,2,1507.5744206773618
702,49,4,1533.5222816399287
702,50,2,1530.3560606060605
702,51,0,1317.1985688729874
702,52,1,1586.248309178744
702,53,5,1543.9553969669937
702,54,3,1636.4107939339874
702,55,2,1628.0095147478592
702,56,0,1463.0298840321143
702,57,3,1552.114629794826
702,58,5,1611.9826203208556
702,59,4,1582.6921206225682
702,60,1,1550.184375
702,61,0,1479.4784069097889
702,62,4,1588.5102770330652
702,63,3,1552.98125
702,64,2,1580.1038324420676
702,65,1,1592.5623885918003
702,66,5,1645.0227678571428
702,67,1,1644.0838537020518
702,68,4,1625.743086529884
702,69,3,1699.4919714540588
702,70,2,1702.6399014778326
702,71,5,1635.2424107142858
702,72,0,1537.2591599642537
702,73,3,1550.5726381461675
702,74,0,1605.7890276538806
702,75,4,1606.914808206958
702,76,2,1631.4946380697052
702,77,1,1662.4857397504456
702,78,5,1611.6513392857144
702,79,3,1643.1278966131908
702,80,1,1669.429401251117
702,81,0,1507.8330357142856
702,82,5,1698.4991087344029
702,83,2,1650.0625
702,84,4,1686.6083853702053
702,85,1,1718.595982142857
702,86,2,1703.629213483146
702,87,4,1671.6268990169795
702,88,5,1694.932142857143
702,89,0,1557.0263392857144
702,90,3,1603.0017905102955
702,91,5,1661.0164884135472
702,92,0,1502.1069518716577
702,93,3,1634.0547640249333
702,94,2,1741.586375779163
702,95,4,1635.6058035714286
702,96,1,1786.8107142857143
702,97,3,1576.76103646833
702,98,2,1656.4875333926982
702,99,0,1480.436217662801
702,100,5,1636.9094558429974
702,101,4,1613.7497656982193
702,102,1,1638.1253345227476
702,103,0,1506.7729705619981
702,104,4,1663.77183600713
702,105,5,1648.4674397859055
702,106,3,1657.455357142857
702,107,2,1702.158012533572
702,108,1,1551.685102586976
702,109,5,1642.8016934046345
702,110,3,1666.6857419980602
702,111,4,1658.671721677074
702,112,1,1777.4062200956937
702,113,0,1529.1449598572704
702,114,2,1662.3767857142857
702,115,0,1608.8507130124776
702,116,4,1593.722816399287
702,117,5,1666.3637176050045
702,118,3,1704.3337789661318
702,119,1,1750.1209821428572
702,120,2,1685.6982142857144
703,1,1,1709.4579045837231
703,2,2,1558.6752899197145
703,3,3,1031.270982142857
703,4,5,1096.5611607142857
703,5,4,897.2877569258267
703,6,0,787.6853832442067
703,7,3,821.7390527256479
703,8,1,1216.3581623550401
703,9,4,1418.815343443354
703,10,0,1218.573083778966
703,11,2,1540.5513392857142
703,12,5,1753.9584078711985
703,13,0,1562.1733511586453
703,14,5,1825.289544235925
703,15,4,1790.440125111707
703,16,3,1606.3522321428572
703,17,1,1413.6611607142856
703,18,2,1480.164585191793
703,19,3,1481.1305704099823
703,20,0,1195.8790178571428
703,21,1,1381.3170080142474
703,22,5,1516.8050089445437
703,23,2,1529.692341941229
703,24,4,1813.894901610018
703,25,0,1892.7225691347012
703,26,1,1745.786607142857
703,27,4,1714.4199288256227
703,28,2,1806.5629464285714
703,29,5,1872.8453654188947
703,30,3,1695.2801070472792
703,31,1,1645.1513392857144
703,32,0,1855.7372881355932
703,33,4,1843.4745308310992
703,34,5,1811.9
703,35,2,1780.6901785714285
703,36,3,1785.3143365983972
703,37,1,1696.0978647686832
703,38,2,1782.193577163247
703,39,0,1712.5830357142856
703,40,4,1842.7806076854333
703,41,5,1800.5
703,42,3,1942.9714795008913
703,43,0,1735.958891867739
703,44,5,1721.364732142857
703,45,1,1689.0120428189116
703,46,3,1819.7237076648842
703,47,2,1718.109472743521
703,48,4,1840.9563668744433
703,49,1,1715.8591800356505
703,50,2,1577.630473637176
703,51,5,1911.3776785714285
703,52,0,2053.5388392857144
703,53,4,2090.1207664884137
703,54,3,2073.4295900178254
703,55,4,1792.4491071428572
703,56,0,1954.3357142857142
703,57,1,1825.404017857143
703,58,3,1902.1297948260483
703,59,5,2094.118092691622
703,60,2,1916.3838248436105
703,61,1,1983.127232142857
703,62,4,1894.6857142857143
703,63,0,2038.2334821428572
703,64,5,1835.7424242424242
703,65,2,1938.9616755793227
703,66,3,1823.680965147453
703,67,0,1986.2702943800177
703,68,3,2026.1255585344056
703,69,1,2098.4220142602494
703,70,4,2174.0478672985782
703,71,5,2247.8455357142857
703,72,2,2150.604343720491
703,73,5,2185.9545454545455
703,74,4,2217.8425512934878
703,75,3,2147.5222816399287
703,76,2,1996.4317573595004
703,77,0,1975.8694096601073
703,78,1,2101.584745762712
703,79,5,2064.7050711743773
703,80,1,1952.7711864406779
703,81,3,2038.5315836298932
703,82,4,2099.709375
703,83,2,2152.3816964285716
703,84,0,1930.9066964285714
703,85,4,2143.071109123435
703,86,3,2126.0106666666666
703,87,2,2076.1455921638467
703,88,1,2087.723015165031
703,89,0,2408.2575471698115
703,90,5,2103.5333926981302
703,91,0,2108.4310670443815
703,92,2,2080.287310098302
703,93,3,2234.306076854334
703,94,4,2136.254003558719
703,95,5,2173.9323671497586
703,96,1,2085.304060434372
703,97,4,2087.2032085561495
703,98,0,2032.1289027653881
703,99,2,2147.463601532567
703,100,5,2202.7593917710196
703,101,3,2201.519213583557
703,102,1,2247.3868092691623
703,103,0,2050.4201605709186
703,104,5,2223.7127564674397
703,105,4,2202.829616413916
703,106,3,2169.839285714286
703,107,2,2136.488879003559
703,108,1,2212.9758928571428
703,109,3,2290.9223214285716
703,110,1,2278.5344664778095
703,111,0,2116.888146167558
703,112,4,2236.441964285714
703,113,2,2171.9011627906975
703,114,5,2182.2177203918077
703,115,1,2113.7181088314005
703,116,0,2157.2263814616754
703,117,3,2237.719839142091
703,118,4,2208.2933035714286
703,119,5,2181.7548932384343
703,120,2,2169.9848619768477
704,1,4,5079.073018699911
704,2,3,4925.410490856593
704,3,1,4645.424755120213
704,4,5,5029.167707404104
704,5,2,4977.9790365744875
704,6,0,4388.858159392789
704,7,1,4678.363879003558
704,8,5,4953.825467497773
704,9,2,4779.444496268657
704,10,3,4915.393588601959
704,11,0,4594.954799627213
704,12,4,4871.7375
704,13,2,4943.069456812111
704,14,3,4882.8078291814945
704,15,4,4882.588523131672
704,16,1,4539.187148217636
704,17,5,5200.152715939448
704,18,0,4464.529268292683
704,19,1,4647.332591273375
704,20,5,5114.824834749764
704,21,2,5035.2960819234195
704,22,3,5204.947953736655
704,23,0,4380.826376554174
704,24,4,5210.572192513369
704,25,3,5023.396705253785
704,26,1,5102.307142857143
704,27,0,4992.990213523131
704,28,2,4495.068803016023
704,29,4,5129.494211932324
704,30,5,5082.4104278074865
704,31,0,4666.167148362235
704,32,5,5128.123330365093
704,33,4,5085.292259786477
704,34,1,4638.126767200754
704,35,3,4997.911476868328
704,36,2,5047.208815672307
704,37,3,5000.151069518716
704,38,5,5090.103479036575
704,39,1,4949.619661921708
704,40,0,5078.505347593583
704,41,4,5133.161654135339
704,42,2,5170.60962566845
704,43,4,5106.625469924812
704,44,2,5082.181088314005
704,45,0,4935.142857142857
704,46,5,5251.030303030303
704,47,3,5182.758222222222
704,48,1,4740.754229741763
704,49,2,4950.876449598572
704,50,1,4496.644444444444
704,51,4,5066.224844167409
704,52,3,5023.969306049822
704,53,5,5168.260463045414
704,54,0,4815.320535714286
704,55,5,5276.433600713012
704,56,2,5084.949575871819
704,57,4,5056.774064171123
704,58,1,4793.920677361853
704,59,3,4960.223461195361
704,60,0,4423.377005347594
704,61,1,4934.661476868328
704,62,3,5023.513357079252
704,63,4,5191.713777777778
704,64,2,4926.447907390917
704,65,5,5287.538324420678
704,66,0,4707.506678539626
704,67,1,5326.380570409982
704,68,0,4596.33837934105
704,69,3,5042.576512455516
704,70,5,5204.015138023152
704,71,2,4797.876872659176
704,72,4,4977.532056990205
704,73,1,5050.4910873440285
704,74,2,4894.699733096086
704,75,5,5151.160124888493
704,76,3,5165.461709706145
704,77,0,5008.553428317008
704,78,4,4984.617882562277
704,79,3,5047.087946428572
704,80,2,4682.2925200356185
704,81,1,4910.336153161175
704,82,5,4907.604944029851
704,83,4,4934.426981300089
704,84,0,4868.518766756032
704,85,3,5137.448752228164
704,86,1,4872.076135351736
704,87,4,5049.915405164737
704,88,0,4967.044444444445
704,89,2,5291.563612099644
704,90,5,5267.671875
704,91,1,4952.027183600713
704,92,2,4873.340321141837
704,93,3,5117.652135231317
704,94,5,5292.968331846566
704,95,4,5129.982481060606
704,96,0,5218.7805530776095
704,97,1,5145.049063336307
704,98,0,4877.529804270463
704,99,3,5181.772078501338
704,100,2,5112.327832292596
704,101,5,5140.532085561497
704,102,4,5187.916981132075
704,103,0,4932.684656556646
704,104,3,5303.556595365419
704,105,5,5151.626114081996
704,106,1,5422.427491103203
704,107,4,5244.16162065895
704,108,2,5180.3303650934995
704,109,0,5139.784
704,110,3,5106.815953654189
704,111,2,5259.288444444444
705,1,2,5068.725168756027
705,2,0,4821.229741763134
705,3,1,4799.725289403384
705,4,4,4990.8725490196075
705,5,3,4805.057729941292
705,6,5,4914.157333333334
705,7,1,4646.7198480531815
705,8,5,4776.605075690116
705,10,0,4781.270852858482
705,11,4,4848.740213523131
705,12,2,4873.5308988764045
705,13,1,4387.650355871886
705,14,2,4564.905971479501
705,15,5,4540.246621621622
705,16,3,4528.545982142857
705,17,0,4355.838935574229
705,18,4,4549.963490650044
705,19,2,4388.333333333333
705,20,5,4380.600623330365
705,21,4,4630.493743984601
705,22,0,4457.627224199288
705,23,1,4548.496074582925
705,24,3,4547.093666369313
705,25,4,4240.0118595825425
705,26,2,4211.485081809432
705,27,5,4204.74068627451
705,28,1,4277.769162210338
705,29,3,4257.534146341463
705,30,0,4195.944790739091
705,31,3,4337.724480151229
705,32,1,4018.599644128114
705,33,5,4323.883318544809
705,34,2,4148.984644913628
705,35,4,4281.992417484389
705,36,0,4079.8420056764426
705,37,2,4130.290739091719
705,38,0,3875.429337231969
705,39,4,4229.113737734166
705,40,3,4046.2384324834748
705,41,1,4114.307589285714
705,42,5,4102.9985479186835
705,43,2,4269.501333333334
705,44,4,4380.167478091529
705,45,5,4413.659090909091
705,46,1,4322.86932938856
705,47,0,3852.3687722419927
705,48,3,4236.860078277887
705,49,1,3949.491103202847
705,50,0,3939.150342801175
705,51,5,4075.646167557932
705,52,2,4067.4035916824196
705,53,4,4099.578736654804
705,54,3,4121.1040462427745
705,75,4,4161.905317164179
705,76,3,3960.815625
705,77,1,3962.3181381957775
705,78,0,3705.153161175423
705,79,5,4117.616037735849
705,80,3,4123.152542372882
705,81,0,3669.994652406417
705,82,2,3904.3752436647173
705,83,1,3948.776444444444
705,84,4,4037.190243902439
705,85,3,3883.5899376669636
705,86,4,3880.466254752852
705,87,1,3853.8998219056098
705,88,5,4008.3513513513512
705,89,0,3749.6040925266902
705,90,2,3995.244350282486
705,91,1,3745.3772241992883
705,92,0,3683.884547069272
705,93,5,4112.0927734375
705,94,4,3779.9826048171276
705,95,2,4205.312722419929
705,96,3,3922.0527589545013
705,97,0,4041.4991103202847
705,98,4,3923.109625668449
705,99,3,3885.481695568401
705,100,2,4174.691111111111
705,101,5,4258.960888888889
705,102,1,4199.56767586821
705,103,2,4232.8232413178985
705,104,1,4057.537299338999
705,105,4,3842.6308035714287
705,106,0,4019.0327468230694
705,107,3,4059.9674397859053
705,108,5,4233.122885129118
705,109,4,4227.513538748833
705,110,5,4211.518683274021
705,111,1,4232.76803205699
705,112,0,3848.0530018761724
705,113,3,4076.865831842576
705,114,2,3962.152857142857
705,115,3,4001.447462154942
705,116,2,4109.79920212766
705,117,1,4083.788
705,118,0,4343.592857142857
705,119,4,4396.209333333333
705,120,5,4236.618303571428
706,1,5,6112.739463601532
706,2,3,6035.8498217468805
706,3,1,6060.571162790698
706,4,0,5759.878342245989
706,5,2,5980.707925200356
706,6,4,6075.4302103250475
706,7,0,5774.00578291815
706,8,3,5980.979519145147
706,9,1,5992.5857418111755
706,10,4,6119.845057880677
706,11,5,5909.580211335255
706,12,2,5972.971085409253
706,13,5,5885.791889483066
706,14,2,5693.760481712757
706,15,3,5621.607111111111
706,16,4,5902.928253119429
706,17,0,5161.145075421473
706,18,1,5650.563612099644
706,19,4,5799.42876224399
706,20,0,5545.468372093023
706,21,2,5447.163701067616
706,22,5,5730.995547640249
706,23,3,5607.386120996442
706,24,1,5501.34
706,25,4,5790.476423487545
706,26,3,5472.5209634255125
706,27,0,5153.158035714286
706,28,2,5559.283362989324
706,29,5,5839.290106951872
706,30,1,5161.14228367529
706,31,5,5361.476423487545
706,32,2,5446.642030276046
706,33,0,5288.309099018733
706,34,4,5529.609528049867
706,35,1,5322.709147424512
706,36,3,5609.396167557932
706,37,0,5517.403743315508
706,38,5,5371.5791814946615
706,39,4,5725.983050847458
706,40,3,5722.492417484389
706,41,1,5518.048487544484
706,42,2,5720.260695187166
706,43,1,5591.556939501779
706,44,5,5566.28125
706,45,2,5620.011576135352
706,46,0,5281.224689165187
706,47,4,5514.043633125557
706,48,3,5575.86743772242
706,49,4,5672.553475935829
706,50,3,5410.544078361531
706,51,0,5832.221479500891
706,52,5,5789.964826357969
706,53,1,5397.392348754448
706,54,2,5652.870205173952
706,55,3,5092.153641207815
706,56,4,5297.626672613737
706,57,1,5461.346085409253
706,58,2,5270.047195013357
706,59,5,5228.0656424581
706,60,0,5258.048530721282
706,61,5,5296.598484848485
706,62,4,5718.425645592164
706,63,0,5484.1953125
706,64,1,5337.491111111111
706,65,3,5126.888591800356
706,66,2,5503.447907390917
706,67,4,5586.438784629133
706,68,1,5126.238646482636
706,69,2,5470.823398576513
706,70,5,5771.436944937833
706,71,0,5030.786666666667
706,72,3,5163.148
706,73,5,5249.192888888889
706,74,4,5323.458965209635
706,75,3,5602.100088967972
706,76,0,5441.40160284951
706,77,2,5572.75
706,78,1,5631.656444444445
706,79,4,5904.056444444444
706,80,1,5254.805431878895
706,81,5,5549.816117542297
706,82,0,5358.408035714286
706,83,2,5764.616755793227
706,84,3,5265.4144542772865
706,85,5,6006.634906500445
706,86,3,5689.264260249554
706,87,4,5715.029857397504
706,88,2,5474.08642578125
706,89,0,5394.903024911032
706,90,1,5419.42818911686
706,91,2,5748.233303650935
706,92,3,5774.57359500446
706,93,1,5426.636485280999
706,94,0,5453.7685102586975
706,95,5,5691.452804986643
706,96,4,5646.996883348174
706,97,5,5766.228723404255
706,98,2,5673.985739750446
706,99,4,5707.380231522707
706,100,0,5451.0728862973765
706,101,1,5753.001776198934
706,102,3,5842.8395721925135
706,103,4,5706.987978628673
706,104,3,5946.616548042704
706,105,0,5735.935053380783
706,106,1,5755.501334519573
706,107,2,6129.559768064229
706,108,5,6052.9790365744875
706,109,2,6089.065391459075
706,110,3,6107.243098842387
706,111,1,5903.829919857524
706,112,0,5584.636485280999
706,113,4,5972.346265761396
706,114,5,6015.54973357016
706,115,1,5853.498666666666
706,116,0,5956.281138790036
706,117,3,6346.095365418895
706,118,4,6285.7167707404105
706,119,2,6134.162801070473
706,120,5,6447.766014234875
707,1,4,5916.180039138943
707,2,2,5502.097593582887
707,3,0,5579.837360594795
707,4,1,5740.7096342551295
707,5,3,5792.517889087657
707,6,5,5653.034916201117
707,7,0,5472.450936663693
707,8,1,5555.588156723064
707,9,2,5286.6528520499105
707,10,4,5494.369526362824
707,11,3,5697.760676156584
707,12,5,5481.342664092664
707,13,3,5448.8343777976725
707,14,1,5430.106060606061
707,15,0,5122.878005342832
707,16,4,5466.23585810163
707,17,5,5519.008007117438
707,18,2,5534.890037593985
707,19,3,5484.6983065953655
707,20,0,5295.22802734375
707,21,1,5580.867882562277
707,22,2,5367.835561497326
707,23,4,5481.717857142857
707,24,5,5678.90338379341
707,25,0,5193.4380570409985
707,26,5,5437.35
707,27,3,5567.339715048976
707,28,1,5325.822691552063
707,29,4,5896.704099821747
707,30,2,5751.515178571429
707,31,0,5311.4407308377895
707,32,2,5780.822609472743
707,33,5,5484.821777777778
707,34,1,5524.1921708185055
707,35,3,5738.017333333333
707,36,4,5822.666071428572
707,37,3,5777.968303571429
707,38,2,5416.934550311666
707,39,5,5381.806422836753
707,40,4,5127.240284360189
707,41,1,5730.526245551601
707,42,0,5555.3270944741535
707,43,2,5519.896705253785
707,44,0,4639.987804878048
707,45,5,5357.932263814617
707,46,3,5184.10284951024
707,47,4,5480.594555873926
707,48,1,5349.678698752228
707,49,5,5572.635658914729
707,50,4,5681.902591599643
707,51,0,5119.786863270778
707,52,3,5061.66061452514
707,53,1,5543.973238180196
707,54,2,5813.444295900178
707,55,4,5788.924888888889
707,56,5,5134.632707774799
707,57,1,5305.403614457831
707,58,3,5404.104185218165
707,59,2,5227.196524064171
707,60,0,4782.909009812667
707,61,1,4768.258586849853
707,62,5,5422.537053571428
707,63,4,5229.64362176628
707,64,0,5187.599807135969
707,65,2,5481.066725978648
707,66,3,5278.118409294013
707,67,5,5481.845397676497
707,68,1,5602.414362176628
707,69,4,5667.053694581281
707,70,0,5227.969561324978
707,71,2,5477.137524557957
707,72,3,5498.7979482604815
707,73,1,5397.058087578195
707,74,4,5249.758482142857
707,75,2,5499.82126899017
707,76,0,5296.740196078431
707,77,3,5210.587421944692
707,78,5,5400.019179304193
707,79,4,5467.636078782453
707,80,1,5051.1577777777775
707,81,0,5249.1466666666665
707,82,2,5572.289524733269
707,83,3,5527.660714285715
707,84,5,5734.045373665481
707,85,1,5475.776292335116
707,86,4,5647.624107142857
707,87,5,5753.972615675165
707,88,3,5390.7891459074735
707,89,0,5476.5810546875
707,90,2,5462.92908117752
707,91,4,5773.519196428571
707,92,1,5580.960444444445
707,93,2,5496.667315175097
707,94,0,5078.581623550402
707,95,5,5783.019111111111
707,96,3,5657.809884238646
707,97,4,5720.414703110273
707,98,5,6050.692888888889
707,99,1,5691.143365983971
707,100,2,6058.8787735849055
707,101,3,5872.743315508022
707,102,0,5361.807357212004
707,103,5,5693.92876224399
707,104,2,5531.4368327402135
707,105,4,5546.886255924171
707,106,3,5982.329484902309
707,107,1,5532.352474323063
707,108,0,5614.219696969697
707,109,1,5735.961198428291
707,110,2,5913.932263814617
707,111,3,6068.609180035651
707,112,5,5994.964424951267
707,113,0,4709.458110516934
707,114,4,6073.042335115864
707,115,0,6105.539789069991
707,116,5,5964.13921217547
707,117,4,5989.522321428572
707,118,3,6019.245948522403
707,119,1,6146.636607142857
707,120,2,5960.556888888889
708,1,3,5577.397880539499
708,2,1,5311.282976827095
708,3,2,5505.230427046264
708,4,4,5621.928825622776
708,5,0,4817.169786096257
708,6,5,5711.828947368421
708,7,2,5386.423042704626
708,8,0,4879.087711487088
708,9,5,5307.062722419929
708,10,3,5367.48309859155
708,11,1,5079.099199288256
708,12,4,5317.086898395722
708,13,1,5294.14005352364
708,14,4,5204.1678539626
708,15,5,5503.157028469751
708,16,0,4789.136363636364
708,17,2,5415.756021409456
708,18,3,5059.616206589492
708,19,1,4996.692410714286
708,20,4,5179.659964253798
708,21,2,5098.725691347012
708,22,3,4683.974176313446
708,23,5,5291.919039145908
708,24,0,5111.975935828877
708,25,2,5301.059714795009
708,26,1,5339.897413024086
708,27,4,5229.2944839857655
708,28,5,5429.545373665481
708,29,0,5072.21581769437
708,30,3,5039.4672131147545
708,31,0,4695.791889483066
708,32,3,4892.545941123996
708,33,5,4806.120106761566
708,34,4,5038.686567164179
708,35,1,4386.904188948307
708,36,2,4808.271428571428
708,37,4,4873.508436944938
708,38,5,5382.570277529096
708,39,2,5002.021428571428
708,40,0,4493.13458110517
708,41,1,5560.949616122841
708,42,3,5546.768336314848
708,43,2,5317.517379679144
708,44,3,5237.927563499529
708,45,4,4943.282724844167
708,46,1,4740.078947368421
708,47,5,5122.4595195729535
708,48,0,4269.717777777778
708,49,1,5368.1236607142855
708,50,3,5381.540925266904
708,51,0,5309.680926916221
708,52,4,5341.667704626335
708,53,2,5196.212255772646
708,54,5,5235.87399463807
708,55,2,5471.336898395722
708,56,1,5220.025423728814
708,57,4,5495.234567901234
708,58,5,5387.440677966101
708,59,3,5385.304367201426
708,60,0,4568.904444444444
708,61,3,5371.348571428572
708,62,4,5093.027159394479
708,63,1,5188.955842997324
708,64,2,5389.8812441093305
708,65,5,5272.600802854594
708,66,0,5157.737690241719
708,67,2,5288.783560311284
708,68,4,5218.727718360071
708,69,3,5312.101158645276
708,70,1,5315.519590382903
708,71,5,5441.243098842387
708,72,0,4800.914645974782
708,73,4,5493.241317898486
708,74,5,4824.5819964349375
708,75,3,5388.613135186961
708,76,1,4932.823371989295
708,77,2,5278.157352941176
708,78,0,5486.626559714795
708,79,4,5556.586160714286
708,80,0,5525.861524163569
708,81,3,5467.754237288135
708,82,5,2906.0391807658057
708,83,1,5455.0209634255125
708,84,2,5567.044563279857
708,85,1,5189.78590544157
708,87,3,5003.63661971831
708,88,5,4965.480409617097
708,89,2,5257.220391807658
708,90,0,5184.257346393589
708,91,5,4993.572638146167
708,92,0,4470.740178571428
708,93,2,4812.576487252125
708,94,1,4981.859821428571
708,95,4,5080.859180035651
708,96,3,4694.288324420678
708,97,1,4798.303300624442
708,98,0,4963.560267857143
708,99,5,4949.077032136106
708,100,4,4951.376559714795
708,101,3,4793.085637823372
708,102,2,5053.446380697051
708,103,4,5099.72191272052
708,104,5,4782.512466607302
708,105,0,4591.304270462633
708,106,1,5072.167850799289
708,107,2,4726.363636363636
708,108,3,5047.178698752228
708,109,2,4741.95008912656
708,110,0,4769.791184327693
708,111,4,5160.564
708,112,3,4936.735504014273
708,113,5,4912.346702317291
708,114,1,5354.533868092692
708,115,4,5082.536128456735
708,116,0,4783.57091882248
708,117,5,5004.07493309545
708,118,3,5082.650044523598
708,119,2,4924.898388540734
708,120,1,4937.394196428571
709,1,4,5081.492767598843
709,2,3,5012.681049822064
709,3,1,4832.204761904762
709,4,2,4697.848795718109
709,5,5,4626.7883698760725
709,6,0,4299.355743544078
709,7,5,4648.957777777778
709,8,4,4431.668128654971
709,9,2,4631.019145146928
709,10,3,4404.62789661319
709,11,0,4483.107047279215
709,12,1,4381.881016042781
709,13,0,4688.158645276292
709,14,1,4555.120487804878
709,15,5,4594.836888888889
709,16,4,4721.4057193923145
709,17,2,4525.488423864648
709,18,3,4683.728473581214
709,19,1,4501.717914438503
709,20,5,4600.860364683302
709,21,0,4628.198490230906
709,22,2,4837.252100840336
709,23,3,4627.394830659537
709,24,4,4728.5998217468805
709,25,5,4716.266459074733
709,26,2,4643.366290018833
709,27,4,4763.187889581478
709,28,0,4661.58991436727
709,29,3,4664.436720142602
709,30,1,4747.199197860962
709,31,3,4730.1501782531195
709,32,2,4599.12702188392
709,33,0,4741.188612099644
709,34,1,4755.039590747331
709,35,4,4678.41357421875
709,36,5,4804.573463935886
709,37,4,4751.019111111111
709,38,0,4674.202057998129
709,39,2,4810.424822064057
709,40,5,4713.860531309298
709,41,3,4620.316399286988
709,42,1,4736.9367764915405
709,43,4,4771.468694096601
709,45,5,4440.020735155514
709,46,3,4472.097868217054
709,47,0,4343.597593582887
709,48,2,4468.730871886121
709,49,3,4285.734073359074
709,50,0,4330.501334519573
709,51,4,4201.164438502674
709,52,2,4171.635918003565
709,53,1,4127.570855614973
709,54,5,4313.780444444445
709,55,2,4183.522281639929
709,56,0,4375.0592691622105
709,57,1,4155.991540516474
709,58,5,4236.112199465717
709,59,4,4097.421714818267
709,60,3,4320.414808206958
709,61,5,4267.440231935771
709,62,1,4218.979055258467
709,63,3,4184.575244879787
709,64,2,4302.618878005343
709,65,0,4158.280999107939
709,66,4,4098.117647058823
709,67,0,4249.238819320215
709,68,3,4120.74
709,69,4,4248.280053428317
709,70,2,4160.762524084778
709,71,5,4144.643238434163
709,72,1,4225.180320569902
709,73,2,4150.464381121995
709,74,5,4221.916443252904
709,75,3,4360.829919857524
709,76,4,4106.3122641509435
709,77,0,4182.882798573975
709,78,1,4119.253176930596
709,79,4,4108.34763181412
709,80,0,4211.618660287081
709,81,3,4294.439002671415
709,82,5,4202.7770330652365
709,83,1,4178.1388642413485
709,84,2,4068.678858162355
709,85,3,4204.949243098842
709,86,4,4227.100377002827
709,87,0,4221.983050847458
709,88,2,4270.01690391459
709,89,5,4284.775446428572
709,90,1,4120.966577540107
709,91,4,4204.238476011289
709,92,3,4316.7662222222225
709,93,0,4269.457739791073
709,94,5,4266.563279857398
709,95,2,4284.567410714286
709,96,1,4442.332738626226
709,97,2,4326.765670202507
709,98,3,4179.121155638397
709,99,0,4013.4786476868326
709,100,4,4224.999061032864
709,101,1,4196.888245770258
709,102,5,4286.137132680321
709,103,4,4188.944444444444
709,104,3,4112.1729055258465
709,105,0,4275.892060660125
709,106,2,3955.0480427046264
709,107,1,4144.4
709,108,5,4182.559216384684
709,109,2,4043.1113089937667
709,110,0,4117.951426024955
709,111,1,4034.42573320719
709,112,4,4006.388790035587
709,113,3,4029.214603739982
709,114,5,3970.8407671721675
709,115,3,4045.7769953051643
709,116,2,3986.7660427807486
709,117,0,3902.3939393939395
709,118,5,4057.2627345844503
709,119,1,3937.3984861976846
709,120,4,4049.527456647399
710,1,4,5429.703921568627
710,2,0,5130.404017857143
710,3,5,5498.07595526561
710,5,3,6967.990631163708
710,6,1,6868.895814781835
710,7,5,7199.300892857143
710,8,4,7477.445683802134
710,9,3,6522.118432769368
710,10,0,5974.933752417795
710,11,2,5179.654772524532
710,12,1,5330.013790035588
710,13,4,4975.176916221034
710,14,5,5406.186057692307
710,15,2,6404.414438502674
710,16,0,6244.808219178082
710,17,1,6699.846256684492
710,18,3,7192.7555555555555
710,19,2,6265.705633802817
710,20,1,5856.135879218473
710,21,0,5029.166511627907
710,22,5,5105.698435972629
710,23,4,5158.803475935829
710,24,3,5134.20452403393
710,25,4,5101.494206773618
710,26,5,5070.434433541481
710,27,1,5106.491517857143
710,28,2,5085.668449197861
710,29,0,5051.903571428571
710,30,3,5463.828138913625
710,31,2,5505.196524064171
710,32,3,5190.823083778966
710,33,1,4952.125350795136
710,34,5,5010.167261373774
710,35,0,4981.988317757009
710,36,4,5081.4424620874215
710,37,5,5092.269155206287
710,38,2,5064.3725490196075
710,39,0,5063.576339285714
710,40,4,5390.482620320856
710,41,3,5119.251886792453
710,42,1,5057.379464285715
710,43,4,6047.1309204647005
710,44,2,5190.930543187889
710,45,3,5266.005352363961
710,46,0,4951.535714285715
710,47,5,5135.69590382903
710,48,1,5229.7902603664415
710,49,5,5574.317008014247
710,50,3,5355.615625
710,51,1,5394.0213903743315
710,52,2,6239.131109022556
710,53,0,6774.508459483526
710,54,4,5275.387399463807
710,55,0,5277.427232142857
710,56,2,5831.448398576513
710,57,3,5662.2863514719
710,58,1,4996.370205173952
710,59,4,5312.923623445826
710,60,5,5648.882352941177
710,61,3,5332.727272727273
710,62,0,5475.083556747096
710,63,1,5080.516028495103
710,64,4,5337.915549597855
710,65,5,6007.964349376114
710,66,2,6603.103925066905
710,67,5,7506.238159070599
710,68,1,7117.274911032028
710,69,2,6107.479017857143
710,70,4,5795.518238434163
710,71,0,5789.382694023194
710,72,3,5002.814126394052
710,73,0,5336.818181818182
710,74,3,5244.2417631344615
710,75,4,5210.536476868328
710,76,2,5115.575757575758
710,77,1,6007.327540106952
710,78,5,5118.7589126559715
710,79,2,5157.575825156111
710,80,3,5086.06632173095
710,81,5,5103.601868327402
710,82,4,5281.581177520071
710,83,0,6210.615761353517
710,84,1,5736.5668449197865
710,85,3,5517.523618538325
710,86,5,5043.959737827716
710,87,4,5116.601777777778
710,88,0,5310.182872435325
710,89,2,5048.000891265598
710,90,1,5093.549063336307
710,91,5,5243.527629233512
710,92,0,5710.462533452274
710,93,1,5158.665031222123
710,94,4,5113.0125
710,95,2,5093.992417484389
710,96,3,5933.407918149466
710,97,4,5972.08734402852
710,98,1,6391.438784629133
710,99,3,5374.137377341659
710,100,5,5491.816681534345
710,101,0,4762.291370106762
710,102,2,5148.700710479574
710,103,1,5186.071492403932
710,104,3,5155.551647373108
710,105,4,5235.908807829182
710,106,5,5681.99016979446
710,107,2,6589.105709188225
710,108,0,6030.865777777778
710,109,4,6384.133125556545
710,110,0,6945.348619768477
710,111,1,6774.0017777777775
710,112,3,6489.044078361531
710,113,2,6607.532085561497
710,114,5,5690.844167408726
710,115,4,5358.715625
710,116,1,6146.591964285714
710,117,2,5980.419642857143
710,118,0,5980.756684491978
711,1,4,4555.524714828897
711,2,5,4612.96927871772
711,3,0,4036.927024482109
711,4,1,4219.3918076580585
711,5,2,4066.850978647687
711,6,3,4335.76981300089
711,7,0,3760.818343722173
711,8,3,4389.477272727273
711,9,4,4126.925711743772
711,10,2,3909.483916745506
711,11,1,4120.455071174377
711,12,5,3938.6935053380785
711,13,4,4500.970222222222
711,14,5,4375.216384683882
711,15,2,4094.3551693404634
711,16,1,3644.8416592328276
711,17,3,3955.878774422735
711,18,0,3714.470260223048
711,19,3,4012.673623445826
711,20,0,3791.8087843833187
711,21,5,4085.4349514563105
711,22,2,3746.7909982174688
711,23,1,3395.659697508897
711,24,4,3901.3198398576515
711,25,3,4099.416666666667
711,26,1,3990.380338078292
711,27,5,3872.8615316117543
711,28,2,4251.0739091718615
711,29,4,4174.889581478184
711,30,0,3747.350462962963
711,31,3,4236.980374665477
711,32,4,4114.011535048802
711,33,5,4256.196444444445
711,34,2,4117.647636039251
711,35,0,3818.07177734375
711,36,1,4081.806767586821
711,37,2,4329.889367816092
711,38,1,3987.771517302573
711,39,3,3900.670549860205
711,40,4,4003.182709447415
711,41,0,4113.831735378715
711,42,5,3809.4772727272725
711,43,2,4270.296263345196
711,44,4,3998.4612440191386
711,45,5,4179.103033006244
711,46,1,4433.532304725169
711,47,0,3913.3611111111113
711,48,3,4247.917631344612
711,49,1,4112.30409617097
711,50,3,4584.987989323843
711,51,2,4659.381696428572
711,52,4,4350.184557438794
711,53,5,4126.440053285968
711,54,0,4067.7039180765805
711,55,4,4523.232381801962
711,56,2,4286.478125
711,57,5,3926.5990384615384
711,58,3,4162.0949248120305
711,59,0,3475.827111111111
711,60,1,3812.373107747106
711,61,2,3936.742895204263
711,62,0,3668.7274472168906
711,63,3,3977.2899197145407
711,64,1,3387.595280498664
711,65,4,3658.43321460374
711,66,5,4134.999554764025
711,67,2,3957.2713903743315
711,68,3,3593.619323241318
711,69,1,3986.276888888889
711,70,4,3671.0885231316724
711,71,5,4032.492
711,72,0,3669.390374331551
711,73,3,4070.0258007117436
711,74,1,3882.3226381461677
711,75,2,3222.345057880677
711,76,4,3503.449643493761
711,77,0,3267.226827094474
711,78,5,3545.0756227758006
711,79,3,3666.8813333333333
711,80,5,3794.178507992895
711,81,2,3888.0633363068687
711,82,0,2869.963587921847
711,83,1,3353.610863757792
711,84,4,3555.1739323843417
711,85,2,4374.162956366875
711,86,3,3610.556344276841
711,87,1,4048.5191451469277
711,88,0,3149.8321460374
711,89,5,3559.255347593583
711,90,4,3203.9038290293856
711,91,2,3704.515569395018
711,92,4,4121.45008912656
711,93,1,3471.5208888888887
711,94,5,3992.563782337199
711,95,0,3293.5289145907473
711,96,3,4170.83008356546
711,97,4,4089.3352575488457
711,98,3,3914.699910952805
711,99,0,3120.919483985765
711,100,2,4251.681980374666
711,101,5,4344.259206798867
711,102,1,3656.6182222222224
711,103,5,3838.9750667853964
711,104,2,3767.0516934046345
711,105,0,3287.3698752228165
711,106,3,3598.2841213202496
711,107,4,3629.9546666666665
711,108,1,3635.635111111111
711,109,4,3986.904973357016
711,110,3,3973.015569395018
711,111,2,4173.451024042743
711,112,1,2979.559661620659
711,113,5,3924.222715173026
711,114,0,4235.87789661319
711,115,3,3664.780303030303
711,116,5,4348.6016949152545
711,117,2,3886.0120320855617
711,118,0,3508.3018699910954
711,119,1,3537.6253333333334
711,120,4,4206.241103202847
712,1,1,7854.069215876089
712,2,2,7835.882798573975
712,3,5,7998.954423592493
712,4,3,7659.876886792453
712,5,0,7472.681818181818
712,6,4,7680.74209486166
712,7,3,7528.339142091153
712,8,5,7656.5971479500895
712,9,2,7469.164351851852
712,10,4,7630.663693131133
712,11,1,7427.094919786096
712,12,0,7149.203027604631
712,13,1,7447.254674977738
712,14,2,7181.836598397151
712,15,0,7597.783496007099
712,16,5,7635.550311665183
712,17,4,7283.312277580071
712,18,3,7086.398980537535
712,19,5,7554.30871886121
712,20,0,6515.564113980409
712,21,1,7003.546345811052
712,22,4,7164.558429973238
712,23,3,7419.493457943925
712,24,2,7420.481761565837
712,25,5,7379.3646482635795
712,26,1,6439.360865290068
712,27,3,7827.92462087422
712,28,4,7494.91385948027
712,29,0,5071.775692582663
712,30,2,7452.786453433679
712,31,4,6779.474176313446
712,32,2,6414.658928571429
712,33,5,7420.164732142857
712,34,3,7378.194568121105
712,35,0,3962.701636188643
712,36,1,6965.861976847729
712,37,5,6634.597396335584
712,38,2,6944.837078651685
712,39,3,7423.803904170364
712,40,1,7473.148032200358
712,41,4,7696.7537912578055
712,42,0,7217.751555555556
712,43,2,7247.6577060931895
712,44,4,7056.067939609236
712,45,0,3135.5089285714284
712,46,1,7443.535618878005
712,47,5,7522.587633451957
712,48,3,4889.057471264367
712,49,1,7484.4509803921565
712,50,3,7642.120996441281
712,51,5,7858.531707317074
712,52,0,6197.36375779163
712,53,4,7751.607493309545
712,54,2,7943.943809523809
712,55,0,7032.433541480821
712,56,2,7349.0964252116655
712,57,1,7038.125556544969
712,58,4,7222.376199616123
712,59,3,7486.300266903914
712,60,5,7718.335526315789
712,61,1,7325.779111111111
712,62,3,6852.921052631579
712,63,2,7367.24261201144
712,64,0,5453.230806608358
712,65,4,6717.339715048976
712,66,5,7575.40712945591
712,67,2,7784.475533807829
712,68,4,7600.937165775401
712,69,5,7172.288256227758
712,70,3,7701.0498084291185
712,71,1,5550.624331550802
712,72,0,4827.788701067616
712,73,1,6978.016028495103
712,74,4,7618.116206589492
712,75,5,7058.158765652952
712,76,3,7394.667782026769
712,77,2,7072.1634522661525
712,78,0,7433.7925200356185
712,79,4,7413.571428571428
712,80,1,7651.504464285715
712,81,3,7054.782028469751
712,82,2,7317.466547725246
712,83,0,7129.83837934105
712,84,5,6699.937377690802
712,85,2,6717.557765151515
712,86,1,7077.040766208252
712,87,5,6738.707589285715
712,88,3,7259.817898486198
712,89,0,4318.048617305977
712,90,4,6851.840755082285
712,91,3,6410.624880838895
712,92,2,7432.924242424242
712,93,0,4351.855871886121
712,94,5,6738.186046511628
712,95,1,6537.925579322638
712,96,4,6193.104245283019
712,97,0,5863.143300798581
712,98,5,6261.672767857143
712,99,2,7105.2039180765805
712,100,4,6808.97
712,101,3,7145.74217221135
712,102,1,6120.20625
712,103,0,4930.721644612477
712,104,4,7162.181777777778
712,105,5,7088.3385214007785
712,106,2,6047.7868561278865
712,107,1,6947.45537428023
712,108,3,7445.122254059217
712,109,1,7448.174087266251
712,110,2,6375.765552460539
712,111,0,6986.542742653606
712,112,4,7315.5289661319075
712,113,3,7535.535714285715
712,114,5,7149.300382043935
712,115,3,7365.995547640249
712,116,1,7343.966539196941
712,117,2,7640.475957257347
712,118,4,7317.769128113879
712,119,5,7442.584967320261
712,120,0,7158.245527728086
713,1,3,10265.588065447546
713,2,2,10119.777629233511
713,3,0,9806.541828793774
713,4,4,9927.4048042704635
713,5,1,9615.574836295604
713,6,5,9748.008467023174
713,7,0,9286.449136276391
713,8,4,9610.895814781834
713,9,3,9598.984022556391
713,10,1,9896.913624220837
713,11,5,9732.642857142857
713,12,2,9717.449822380107
713,13,4,9474.608568646543
713,14,3,9361.592857142858
713,15,1,9345.137283236994
713,16,5,9297.546345811052
713,17,2,9788.943009795192
713,18,0,8978.391879131255
713,19,1,9403.77807486631
713,20,4,9372.580587711487
713,21,3,9265.752003561887
713,22,2,9515.698398576513
713,23,5,9236.827678571428
713,24,0,8917.976360392508
713,25,2,9479.340321141837
713,26,5,9463.802222222223
713,27,3,9736.941333333334
713,28,0,8386.129679144386
713,29,4,9672.189393939394
713,30,1,9626.183600713013
713,31,4,9486.083778966133
713,32,2,9409.153333333334
713,33,1,9501.424377224199
713,34,0,9081.873547810545
713,35,3,9764.973777777777
713,36,5,9065.881907308378
713,37,2,9453.592245989305
713,38,4,9057.10373998219
713,39,1,9262.036
713,40,0,9354.451024042743
713,41,3,9537.422905525847
713,42,5,9594.519145146927
713,43,1,9259.425066904549
713,44,0,9175.513368983957
713,45,3,9794.477738201247
713,46,4,9366.938948306595
713,47,5,9383.80926916221
713,48,2,9628.841495992876
713,49,3,9518.494661921708
713,50,1,9262.440783615317
713,51,4,9481.664556962025
713,52,2,9729.253791257806
713,53,0,9408.39715048976
713,54,5,9689.415035587188
713,55,0,9249.143238434164
713,56,4,9614.927491103203
713,57,2,9666.034666666666
713,58,5,9223.350579839429
713,59,1,9516.569271758437
713,60,3,9747.826203208557
713,61,4,8296.683437221727
713,62,1,9522.376114081997
713,63,3,9401.344444444445
713,64,2,9520.145343367827
713,65,5,9674.1878330373
713,66,0,9056.172491039426
713,67,1,9757.463458110517
713,68,3,9531.494652406416
713,69,0,9192.901873327386
713,70,4,9494.258912655972
713,71,2,9901.071495766699
713,72,5,9207.15017825312
713,73,4,8980.480392156862
713,74,3,9781.287433155081
713,75,1,9616.620337477798
713,76,2,9631.83422459893
713,77,5,10039.252228163992
713,78,0,9278.676275992439
713,79,3,9388.090017825312
713,80,1,9785.123445825933
713,81,0,9466.214150943397
713,82,5,9653.817495559502
713,83,2,9631.54068627451
713,84,4,9600.188780053428
713,85,0,9537.99031945789
713,86,2,9561.953921568627
713,87,3,9628.286096256685
713,88,1,9661.512477718361
713,89,4,10006.623665480427
713,90,5,9803.014222222222
713,91,0,9467.129003558719
713,92,3,9857.26559714795
713,93,1,9516.582295373666
713,94,4,9613.52807486631
713,95,5,9653.090098126673
713,96,2,9719.713713268033
713,97,0,9360.809163701068
713,98,3,9414.423111111111
713,99,4,9597.819803746655
713,100,5,9325.125111308993
713,101,1,9107.134016028494
713,102,2,9506.67615658363
713,103,3,9217.897413024086
713,104,4,9701.049333333332
713,105,0,9055.321174377224
713,106,2,9337.399643175737
713,107,5,9427.679750223015
713,108,1,9689.28431372549
713,109,2,9574.840178571429
713,110,1,9114.50702247191
713,111,5,9590.690900981266
713,112,3,9468.621766280106
713,113,4,9261.935555555556
713,114,0,8614.859946476361
713,115,2,9648.088156723063
713,116,0,9375.650666666666
713,117,3,9244.392698130008
713,118,1,8945.894222222223
713,119,4,9283.10026737968
713,120,5,9556.65627782725
714,1,3,6500.714005876592
714,2,1,6239.274021352313
714,3,4,6254.896074933095
714,4,0,6214.085561497326
714,5,2,6291.914590747331
714,6,5,6463.7488849241745
714,7,4,6217.335860838537
714,8,5,5943.9262910798125
714,9,2,5948.150044523598
714,10,1,6053.970729366602
714,11,3,6030.6684444444445
714,12,0,5675.502673796792
714,13,5,6021.493772241993
714,14,1,5943.523576512455
714,15,3,5885.898775894539
714,16,4,5874.236865538735
714,17,0,5687.988879003558
714,18,2,5971.670923379175
714,19,1,5808.945632798574
714,20,5,5665.703194321207
714,21,4,5807.462121212121
714,22,0,5190.420231729056
714,23,2,5711.96660730187
714,24,3,5801.034191829485
714,25,1,5619.587400177462
714,26,5,5891.817939609236
714,27,3,5723.5
714,28,0,5008.85079928952
714,29,4,5803.068579766537
714,30,2,5790.688392857143
714,31,0,5359.268444444445
714,32,3,5750.261819803746
714,33,1,5522.153434433541
714,34,2,5756.295454545455
714,35,5,5787.5698398576515
714,36,4,6092.942564559216
714,37,2,5840.079484902309
714,38,0,5086.574041034791
714,39,3,5979.809408341416
714,40,4,5365.625556544969
714,41,5,5875.370766488413
714,42,1,5787.8303821062445
714,43,5,5775.5645017793595
714,44,4,5683.972
714,45,3,5567.908193484699
714,46,1,5650.845948352627
714,47,0,5580.6274509803925
714,48,2,5847.229055258467
714,49,0,5367.590909090909
714,50,4,6149.601868327402
714,51,5,5674.982635796972
714,52,1,5643.65953654189
714,53,2,5635.921714818267
714,54,3,5723.514719000892
714,55,2,5674.258697591436
714,56,3,5727.26625111309
714,57,0,5613.163555555556
714,58,4,5818.271676300578
714,59,1,5781.038256227758
714,60,5,5783.283675289919
714,61,1,5970.755111111112
714,62,0,5616.622885129118
714,63,3,5960.043264942016
714,64,2,5878.865093499555
714,65,4,5428.789980732177
714,66,5,5627.558325912733
714,67,0,5483.313672922252
714,68,3,5794.753565062389
714,69,2,5717.088156723064
714,70,4,5658.381016042781
714,71,5,5695.095195729537
714,72,1,6118.924670433145
714,73,3,6030.97504456328
714,74,2,5893.11528150134
714,75,0,5682.394385026738
714,76,4,5789.386019590383
714,77,1,5947.813753581662
714,78,5,6017.484674329502
714,79,3,6015.688
714,80,4,6121.387254901961
714,81,0,5431.627012522361
714,82,5,5638.613980409617
714,83,2,5654.148214285714
714,84,1,5728.208370436331
714,85,5,5659.250445632799
714,86,4,5224.876895628903
714,87,0,5524.159070598749
714,88,2,4974.19590382903
714,89,1,5389.855169340463
714,90,3,5754.037366548043
714,91,4,5747.2229669347635
714,92,1,5432.1577540106955
714,93,0,5140.053380782918
714,94,5,5755.284637134779
714,95,3,5467.109277430865
714,96,2,5709.842081850534
714,97,0,5170.083035714286
714,98,5,5825.868983957219
714,99,2,5698.721727515584
714,100,3,6024.625446428571
714,101,4,5474.860641139804
714,102,1,5563.52495543672
714,103,0,5672.457295373665
714,104,1,5546.731871083259
714,105,4,5841.757777777778
714,106,3,5698.651245551601
714,107,5,5840.504897595726
714,108,2,5713.977353463588
714,109,3,5882.730392156863
714,110,2,5392.96875
714,111,1,5977.776936776491
714,112,4,6030.0538735529835
714,113,5,5845.335860838537
714,114,0,5474.169045495094
714,115,3,6407.3717720391805
714,116,1,5860.219251336898
714,117,0,5783.820729537367
714,118,2,5907.7689225289405
714,119,4,5890.600713012478
714,120,5,5733.065543071161
715,1,4,6735.817877629063
715,2,1,6607.858018867924
715,3,2,6403.118743866536
715,4,0,6486.182471264367
715,5,3,6817.018309859155
715,6,5,6638.787622439893
715,7,0,6396.292372881356
715,8,2,6480.663247100802
715,9,4,6662.008276533593
715,10,3,6748.36875
715,11,5,6469.4292682926825
715,12,1,6607.364732142857
715,13,2,6796.80931372549
715,14,3,6448.563725490196
715,15,0,6249.462700661001
715,16,4,6666.914069456812
715,17,1,6817.300196850394
715,18,5,6344.8926024955435
715,19,1,6601.855940130963
715,20,0,6528.633244206773
715,21,3,6503.702715809894
715,22,4,6408.6876114082
715,23,5,6576.540692235734
715,24,2,6415.09475088968
715,25,1,6483.449905482042
715,26,2,6635.221231043711
715,27,4,6932.142523364486
715,28,0,6933.65960591133
715,29,5,6902.720888888889
715,30,3,6687.831920903955
715,31,2,7534.994206773618
715,32,3,6930.346766635426
715,33,1,6907.545089285714
715,34,5,6741.7314897413025
715,35,0,6144.842155009452
715,36,4,6562.429144385027
715,37,1,6808.388790035588
715,38,2,6656.268172888016
715,39,4,6619.76559714795
715,40,0,7961.620899718838
715,41,5,6567.443354148082
715,42,3,7140.839198435972
715,43,4,6634.057932263815
715,44,3,6659.722172751558
715,45,1,10421.860632183909
715,46,5,6759.730017761989
715,47,0,6517.4582533589255
715,48,2,7081.119555555556
715,49,3,8693.390865384616
715,50,5,6399.993670886076
715,51,4,6207.508506616257
715,52,0,6358.785587188612
715,53,2,6477.246108949416
715,54,1,6348.0418149466195
715,55,5,6310.837777777778
715,56,0,6091.168528864059
715,57,1,6559.394316163411
715,58,3,6190.436726926737
715,59,4,6213.54679144385
715,60,2,6401.69590382903
715,61,3,6479.972960992908
715,62,4,6258.722123104371
715,63,0,5824.372767857143
715,64,2,6441.927966101695
715,65,1,6382.128342245989
715,66,5,6255.644454382827
715,67,2,5987.100387972842
715,68,1,6189.27807486631
715,69,0,5876.33640776699
715,70,5,6179.963392857143
715,71,3,6067.346975088968
715,72,4,6395.5384245917385
715,73,3,6236.220588235294
715,74,0,6343.660746003552
715,75,4,6373.180604982206
715,76,1,6290.90160284951
715,77,2,6434.520926090828
715,78,5,6595.394534995206
715,79,3,6387.624218051832
715,80,1,6552.221366698749
715,81,4,6329.570792520036
715,82,5,6062.493358633776
715,83,2,6242.866666666667
715,84,0,5363.657016683022
715,85,4,6215.206327985739
715,86,5,6043.467052537845
715,87,3,6352.367764915405
715,88,2,6120.336724806201
715,89,1,5991.4568121104185
715,90,0,5928.269607843137
715,91,4,6099.354510184287
715,92,5,5792.6589492430985
715,93,2,6309.839219330855
715,94,3,6115.298573975045
715,95,0,5788.186255924171
715,96,1,5613.939111111111
715,97,3,6108.109029779059
715,98,0,5710.5013368983955
715,99,1,6344.791744840525
715,100,5,6065.298042704626
715,101,4,6145.594028520499
715,102,2,6186.544790652386
715,103,0,6091.760481712757
715,104,2,6286.288191190253
715,105,3,6334.392698130009
715,106,5,6045.5918822479925
715,107,1,6030.0966010733455
715,108,4,6349.284564393939
715,109,1,6057.291071428572
715,110,4,5970.194122885129
715,111,2,6104.218396226415
715,112,3,6077.743315508022
715,113,0,6142.787177203918
715,114,5,6147.299465240641
715,115,4,6298.381916996047
715,116,5,6139.03339269813
715,117,2,5992.180503731343
715,118,1,5888.642030276046
715,119,3,6091.754114230397
715,120,0,6017.879111111111
716,1,4,6643.854430379747
716,2,2,6579.716241737488
716,3,5,6639.680642283675
716,4,0,6517.870766488413
716,5,1,6067.295668549906
716,6,3,6180.438502673796
716,7,4,6454.65965583174
716,8,1,6107.590222222222
716,9,2,5742.323917137476
716,10,5,6184.979445933869
716,11,0,6245.025267249757
716,12,3,6131.502228163993
716,13,2,6157.058150619638
716,14,3,6205.206958073149
716,15,4,6168.397504456328
716,16,0,6170.69734345351
716,17,1,5801.6549107142855
716,18,5,6077.953612845674
716,19,4,6146.160748560461
716,20,0,6502.772767857143
716,21,3,6368.322796081923
716,22,1,6253.803571428572
716,23,2,6052.75754884547
716,24,5,6044.097333333333
716,25,3,6036.581550802139
716,26,5,6270.9964317573595
716,27,4,6396.954504906334
716,28,2,6564.054093567252
716,29,0,6614.650044523598
716,30,1,6005.241992882562
716,31,0,5883.019145146928
716,32,4,6190.148793565683
716,33,5,6320.9581850533805
716,34,3,6225.455031166518
716,35,2,6293.958073148974
716,36,1,6186.1966041108135
716,37,4,6475.226046511628
716,38,2,6394.958519179304
716,39,0,6637.012770137525
716,40,3,6521.739091718611
716,41,5,6529.071301247772
716,42,1,6388.515151515152
716,43,4,6550.930970149254
716,44,3,6687.170982142857
716,45,1,6528.388101983003
716,46,0,6128.827402135232
716,47,5,6109.114973262032
716,48,2,6086.861473880597
716,49,4,6387.211229946524
716,50,2,6289.56805019305
716,51,3,6427.986173059768
716,52,1,6255.504010695187
716,53,0,6448.898666666667
716,54,5,6334.4332146037395
716,55,1,6404.8303650934995
716,56,0,6343.980263157895
716,57,3,6306.934937611408
716,58,4,6540.945138269402
716,59,2,6355.079322638147
716,60,5,6232.2892156862745
716,61,3,6010.087266251113
716,62,2,6535.639863547758
716,63,5,6288.724153297682
716,64,4,6349.225378787879
716,65,1,6503.785714285715
717,1,4,8058.060843964671
717,2,3,7926.956
717,3,5,8163.38588007737
717,4,2,7745.966517857143
717,5,0,7240.179886685552
717,6,1,7350.383348174532
717,7,2,7209.316562778273
717,8,5,7575.561887800534
717,9,0,7049.82858546169
717,10,3,7165.826339285714
717,11,4,7380.368421052632
717,12,1,7546.138023152271
717,13,0,5747.4096170970615
717,14,1,6807.81326434619
717,15,3,7303.625444839858
717,16,2,6430.363932898415
717,17,5,7192.060160427807
717,18,4,6864.176022835395
717,19,2,6397.122330960854
717,20,5,7775.400188323917
717,21,4,6892.280303030303
717,22,0,6482.236415633937
717,23,1,6481.517873100983
717,24,3,6805.554562558796
717,25,4,6631.097942754919
717,26,1,6014.487292277615
717,27,0,6354.872775800712
717,28,2,7129.761764705882
717,29,5,7801.811775200714
717,30,3,6674.696428571428
717,31,0,6438.99240265907
717,32,5,6158.814056939502
717,33,4,6856.551330798479
717,34,1,7159.198752228164
717,35,2,6632.186222222223
717,36,3,6444.925215723873
717,37,4,7557.388839285714
717,38,1,6476.666370106762
717,39,5,7512.116324535679
717,40,3,6965.041480820696
717,41,2,6604.1206434316355
717,42,0,6342.018553758326
717,43,2,6565.024487978629
717,44,3,7110.2210338680925
717,45,1,6004.384341637011
717,46,4,7933.627950897073
717,47,0,5692.987989323843
717,48,5,6759.865333333333
717,49,1,6492.0888888888885
717,50,4,7140.250891265598
717,51,0,6732.96106362773
717,52,5,6342.10017809439
717,53,2,6049.696601941748
717,54,3,6294.557486631016
717,55,0,6472.051010587103
717,56,2,5745.424444444445
717,57,4,6471.582442067736
717,58,1,4904.707822808671
717,59,5,5198.406055209261
717,60,3,6910.504859086492
717,61,0,6262.844
717,62,4,8443.068811438785
717,63,5,8484.869429590019
717,64,2,8474.744869402984
717,65,3,8469.329029385573
717,66,1,7939.717275155833
717,67,3,8450.527183600712
717,68,4,8597.679590017826
717,69,5,8601.161476868327
717,70,1,8411.954222222223
717,71,2,8445.382012466607
717,72,0,7475.680926916221
717,73,4,8227.047368421052
717,74,0,7517.963078291815
717,75,2,8329.918791312559
717,76,3,8463.835854092527
717,77,1,8076.311792452831
717,78,5,8500.7875
717,79,0,6762.605075690116
717,80,2,8268.254666666666
717,81,5,8030.61067961165
717,82,4,8453.665483584738
717,83,3,7716.680529300567
717,84,1,7699.2003561887805
717,85,2,7968.023576512455
717,86,1,7266.994647636039
717,87,4,8026.371875
717,88,0,7699.881121994657
717,89,3,8128.68371886121
717,90,5,8319.688167259786
717,91,2,7837.435714285714
717,92,3,7705.63782337199
717,93,1,8026.741548042704
717,94,4,8167.807760927743
717,95,0,5999.916518650089
717,96,5,7570.032480314961
717,97,3,8025.968833481746
717,98,2,7909.721875
717,99,5,8102.819679430098
717,100,0,7116.471900089206
717,101,1,7493.836752899198
717,102,4,8378.88055062167
717,103,0,7321.273069679849
717,104,1,6952.8138392857145
717,105,3,8185.42863514719
717,106,4,8157.008444444445
717,107,2,7534.15627950897
717,108,5,8275.008904719502
717,109,4,7597.7242451154525
717,110,2,7903.665925266904
717,111,0,5828.879100281162
717,112,3,7236.002218278616
717,113,5,8203.60455764075
717,114,1,7944.289943609023
717,115,5,8360.634341637011
717,116,1,7669.3195187165775
717,117,2,7626.019572953736
717,118,0,7423.800284629981
717,119,4,7828.363312555654
717,120,3,8262.386222222221
718,1,3,8495.534795042899
718,2,4,8497.53947368421
718,3,2,8258.407193605684
718,4,0,7359.7601702932825
718,5,1,8232.417923691215
718,6,5,8308.344161958568
718,7,0,6225.935111111111
718,8,5,7803.934666666667
718,9,4,7871.358278765201
718,10,2,7077.681656277828
718,11,3,7865.898297067171
718,12,1,7208.110863757792
718,13,0,6454.850435624395
718,14,2,7526.670677361853
718,15,3,8006.9378640776695
718,16,1,7660.00089206066
718,17,5,7976.655722326454
718,18,4,7746.150842945874
718,19,5,7756.936432637571
718,20,4,7004.338078291815
718,21,0,5634.634541984733
718,22,1,6994.860641139804
718,23,3,6892.512720156556
718,24,2,7431.995982142857
718,25,4,7935.338365896981
718,26,1,5890.709039548023
718,27,5,7237.696253345228
718,28,3,7429.895973154363
718,29,0,5725.956773618538
718,30,2,6821.216131907308
718,31,1,6660.433541480821
718,32,5,7735.93131132917
718,33,0,5647.22138836773
718,34,3,7125.069642857143
718,35,4,7897.386708296164
718,36,2,6925.551643192488
718,37,1,6693.551739518287
718,38,4,7759.800188501414
718,39,5,7825.390917186109
718,40,0,5455.8953695458595
718,41,2,6327.5591637010675
718,42,3,7802.308052434457
718,43,1,7589.959928762244
718,44,5,7755.707034728406
718,45,4,7657.584658559402
718,46,3,7935.000892857143
718,47,0,7530.011671335201
718,48,2,7563.323818019625
718,49,1,6966.989392478303
718,50,2,7764.932888888889
718,51,3,7744.968216318785
718,52,5,7599.273618538325
718,53,0,6869.444026340546
718,54,4,7283.123665480427
718,55,5,7348.724680432645
718,56,2,6897.3118327402135
718,57,3,7614.723262032086
718,58,1,6642.655642023346
718,59,0,6015.32384341637
718,60,4,6806.822533849129
718,61,3,7373.027678571429
718,62,1,7413.048964218456
718,63,5,7887.2815013404825
718,64,0,5640.408645276292
718,65,4,7021.06589492431
718,66,2,7401.915303176131
718,67,1,6462.582222222222
718,68,3,6836.465150048402
718,69,2,7291.820569902048
718,70,4,7719.762265834077
718,71,5,7789.283675289919
718,72,0,6446.85231316726
718,73,5,7038.208296164139
718,74,2,7201.06913470116
718,75,0,5930.137777777778
718,76,1,5743.726827094474
718,77,4,7327.820719016083
718,78,3,7459.323660714285
718,79,1,5734.170019157088
718,80,2,7293.551555555556
718,81,4,7186.788793103448
718,82,5,7296.973777777778
718,83,0,7104.227232142857
718,84,3,7312.336946277097
718,85,4,7478.606344950849
718,86,3,6366.971504897596
718,87,0,7274.688392857143
718,88,2,6438.436211972522
718,89,5,7633.023214285714
718,90,1,7325.253339269813
718,91,3,7359.747771836007
718,92,4,7481.90065913371
718,93,1,7542.220338983051
718,94,2,7242.221800947867
718,95,5,7288.379893238434
718,96,0,6735.642017629775
718,97,2,7266.845227475468
718,98,4,7506.8319964349375
718,99,3,7679.373665480427
718,100,0,6584.623106060606
718,101,5,7033.67615658363
718,102,1,7052.8296164139165
718,103,3,7668.811365807068
718,104,2,6769.692239072257
718,105,1,7087.605797101449
718,106,4,7798.72504456328
718,107,5,7248.614425645592
718,108,0,7103.601868327402
718,109,4,7453.195187165776
718,110,1,8036.387254901961
718,111,0,6428.263814616756
718,112,3,7339.024553571428
718,113,2,7260.190285204991
718,114,5,7858.600088967972
718,115,4,7798.709706144256
718,116,3,6603.73095014111
718,117,5,7493.166815343443
718,118,0,6825.488413547237
718,119,1,6459.746434937611
718,120,2,7607.3786797502235
719,1,2,10921.38836772983
719,2,0,10651.247544204321
719,4,4,10403.18976744186
719,6,1,10549.10888671875
719,7,2,10563.23285841496
719,8,4,10553.268975332068
719,9,3,10744.485320284697
719,10,1,10336.109344894026
719,11,5,10733.294666666667
719,12,0,10550.96522556391
719,13,2,10560.010685663401
719,14,1,9957.783143939394
719,15,5,10568.997773820125
719,16,3,10546.421722113502
719,17,0,10622.351471900089
719,18,4,10872.106177606178
719,19,2,10729.36165480427
719,20,5,10484.404922779922
719,21,0,10314.405333333334
719,22,4,10402.333175803402
719,23,1,10304.85236396075
719,24,3,10412.743989314336
719,25,0,10582.073529411764
719,26,4,10372.624331550802
719,27,2,9579.668107588857
719,28,1,9856.121104185218
719,29,5,10084.61858076564
719,30,3,10448.024933214603
719,31,2,10320.183477425553
719,32,0,10290.571936056838
719,33,4,10572.540369649805
719,34,3,10349.136039250669
719,35,1,10005.624269005848
719,36,5,10406.405525846701
719,37,0,10516.991981132076
719,38,2,10533.021816562778
719,39,5,10082.58348794063
719,40,3,10453.337934105075
719,41,4,10088.930635838151
719,42,1,10523.379893238434
719,43,4,10501.568267419962
719,44,3,9616.71275646744
719,45,1,10113.648393194708
719,46,5,9588.12789661319
719,47,0,9430.173934108527
719,48,2,9264.775401069519
719,49,1,9414.073669201522
719,50,0,9747.392602495544
719,51,5,10611.50284090909
719,52,4,10306.201333333333
719,53,3,10330.262172284643
719,54,2,10772.336
719,55,5,10556.242224316682
719,56,4,9680.32028469751
719,57,0,9999.035305343512
719,58,1,10115.918822479929
719,59,2,10081.960325047801
719,60,3,10526.336298932385
719,61,4,10098.986804901037
719,62,3,9717.006222222222
719,63,1,10329.552161654135
719,64,5,10284.174242424242
719,65,0,10323.76231060606
719,66,2,9913.27491103203
719,67,5,9925.483237547893
719,68,2,10054.54723707665
719,69,0,9826.545496750232
719,70,4,10071.741548042704
719,71,1,9998.159715639811
719,72,3,10366.375889679715
719,73,0,10200.171455938696
719,74,1,10147.249108734402
719,75,2,10135.447142857143
719,76,4,10588.663101604277
719,77,3,10561.909221902017
719,78,5,10431.558823529413
719,79,3,10193.948090107737
719,80,0,10237.87266251113
719,81,1,9419.919981060606
719,82,2,10200.285204991087
719,83,5,9697.617929050815
719,84,4,10116.054666666667
719,85,2,10076.859227871939
719,86,1,10311.453612845673
719,87,5,9657.765915768854
719,88,0,10178.64991103203
719,89,3,10204.02392578125
719,90,4,9859.050711743772
719,91,1,10273.940384615385
719,92,5,10006.96393588602
719,93,4,10085.626801152737
719,94,0,10559.618962432916
719,95,2,10670.611581920904
719,96,3,10263.55926916221
719,97,1,10109.669385796546
719,98,5,10526.202678571428
719,99,3,10128.599905749294
719,100,2,10291.180444444444
719,101,4,10435.095450490633
719,102,0,9506.521613832852
719,103,4,10461.223707664883
719,104,5,10264.230427046263
719,105,3,10251.6259765625
719,106,0,10388.460819234195
719,107,1,10338.20488888889
719,108,2,10081.607852412488
719,109,3,9813.20276292335
719,110,0,10215.41447368421
719,111,2,10550.980357142857
719,112,1,9993.815055762081
719,113,4,9881.329170383586
719,114,5,9615.023902439025
719,115,2,10245.027256479
719,116,1,10264.39715048976
719,117,4,10072.922447013487
719,118,3,10507.619768477292
719,119,5,10182.698929527209
719,120,0,10627.30415860735
720,1,2,11037.606936416185
720,2,1,10659.615087040618
720,3,3,10816.456366874443
720,4,0,10128.148582600195
720,5,5,10357.66696349065
720,6,4,10371.778982092366
720,7,5,10135.627216312057
720,8,4,10134.016034985423
720,9,2,9888.28724353256
720,10,1,8998.635338345865
720,11,3,9253.551647373108
720,12,0,9343.319921491659
720,13,3,9557.030357142858
720,14,1,8883.602165725048
720,15,5,8924.055604982206
720,16,4,10107.579980372915
720,17,2,8949.352993744415
720,18,0,8741.904830917874
720,19,5,9543.028966131908
720,20,1,9225.625475285171
720,21,2,10387.292775665399
720,22,3,9365.810883140053
720,23,0,8325.638063279002
720,24,4,10459.68945487042
720,25,1,9507.22965116279
720,26,5,9794.48087188612
720,27,4,9292.573170731708
720,28,2,9395.495996441281
720,29,0,8929.231316725978
720,30,3,9984.031111111111
720,31,4,9127.93117010816
720,32,2,9657.278765201123
720,33,1,9469.078806767588
720,34,3,9293.170677361853
720,35,5,8039.758262511804
720,36,0,7757.481078524125
720,37,1,8056.067644276253
720,38,0,6957.260888888889
720,39,4,8416.83143939394
720,40,5,9276.216587677725
720,41,3,6613.483459357278
720,42,2,6594.295373665481
720,43,3,8507.271840148698
720,44,5,6608.7716572504705
720,45,1,7254.524332061069
720,46,4,8691.999518768047
720,47,2,8777.11216730038
720,48,0,6441.679715302491
720,49,2,5986.577181208054
720,50,1,6517.636673151751
720,51,3,6156.008419083256
720,52,5,7463.51247771836
720,53,4,6794.994296577946
720,54,0,7581.976402493321
720,55,2,6774.961105904405
720,56,5,6227.160541586073
720,57,0,5936.549758454106
720,58,4,9157.340038314176
720,59,1,6233.351868327402
720,60,3,6708.099162011174
720,61,1,8063.7262222222225
720,62,5,9924.774269557021
720,63,3,9586.637577916295
720,64,0,7931.001876172608
720,65,2,9764.805530776093
720,66,4,8273.95202257761
720,67,1,9196.664884135473
720,68,3,9460.886910062332
720,69,5,8254.270053475935
720,70,4,7106.050697674418
720,71,2,9665.25578291815
720,72,0,9474.881395348837
720,73,4,8473.932709447416
720,74,5,8862.477738201247
720,75,1,9607.332191780823
720,76,0,8815.954545454546
720,77,2,8280.652988403212
720,78,3,9472.167408726626
720,79,5,10165.814666666667
720,80,1,9832.643683274022
720,81,3,9042.987544483985
720,82,4,8292.800802139038
720,83,2,10139.344957587182
720,84,0,8958.907193605684
720,85,3,9782.298493408663
720,86,2,8416.668007149241
720,87,4,10375.88312912347
720,88,5,9548.896888888888
720,89,0,9663.246634615385
720,90,1,9781.49420677362
720,91,3,9909.529716981133
720,92,5,10143.577333333333
720,93,4,10089.99598572703
720,94,1,9810.402222222223
720,95,2,9459.292780748663
720,96,0,6943.839715048976
720,97,2,10155.886464826359
720,98,1,7435.41845703125
720,99,5,10260.99509366637
720,100,0,9773.597794822626
720,101,3,9342.983971504898
720,102,4,9798.963490650045
720,103,1,10097.155856727977
720,104,2,9967.247111111112
720,105,5,10410.22484416741
720,106,0,10018.947860962568
720,107,4,10437.446524064171
720,108,3,10389.79877474081
720,109,4,9830.794826048172
720,110,1,10265.209905660377
720,111,0,10138.770294380018
720,112,2,10402.026833631484
720,113,5,10199.79367201426
720,114,3,9896.647540983606
720,115,4,10482.56945681211
720,116,2,9641.96571682992
720,117,5,9522.184772929653
720,118,1,8537.555293005671
720,119,0,8904.281948168007
720,120,3,9926.125892857142
