id,angle,rt,accuracy
1,0,1355,1
1,150,2079,1
1,150,1834,1
1,100,4780,1
1,50,1685,1
1,50,1237,1
1,100,2961,1
1,0,1275,1
1,150,4716,1
1,150,3794,0
1,50,2238,1
1,0,1524,1
1,0,964,1
1,100,3770,1
1,100,2750,1
1,50,1226,1
1,100,1789,1
1,150,1384,1
1,50,2548,1
1,50,1588,1
1,100,2114,1
1,0,2158,1
1,0,1096,1
1,150,3829,1
1,150,4725,1
1,50,3211,1
1,50,1541,1
1,100,3219,1
1,0,1421,1
1,0,1308,1
1,150,3781,1
1,100,2665,1
1,50,1831,0
1,100,4636,1
1,150,3149,1
1,0,1202,1
1,100,2735,1
1,150,3211,1
1,0,1406,1
1,50,1383,1
1,150,2668,1
1,0,2203,1
1,100,5983,0
1,150,2750,0
1,50,2672,1
1,100,1975,1
1,0,1081,1
1,50,2144,0
1,100,2113,1
1,150,1967,1
1,0,917,1
1,0,1510,1
1,100,3031,1
1,50,1181,1
1,150,5975,0
1,50,1216,1
1,150,1487,1
1,100,2208,1
1,150,2007,1
1,100,1594,0
1,0,854,1
1,0,1791,1
1,50,2273,1
1,50,1992,1
1,150,2413,1
1,0,1423,1
1,150,3209,1
1,0,1435,1
1,50,2213,1
1,50,2598,1
1,100,2018,1
1,100,6237,0
1,100,2944,1
1,100,1448,1
1,150,3868,1
1,0,4086,1
1,0,1364,1
1,50,2642,0
1,50,2136,1
1,150,2775,1
1,50,2794,0
1,0,742,1
1,150,2645,1
1,50,3445,1
1,100,1756,0
1,0,1625,1
1,150,4461,1
1,100,4260,1
1,100,2612,1
1,50,1207,1
1,0,831,1
1,150,2740,1
1,150,2606,1
1,50,1945,1
1,100,1398,1
1,0,2720,1
2,0,4593,1
2,150,5214,1
2,150,3745,1
2,100,NA,0
2,50,3367,0
2,50,3203,1
2,100,6480,1
2,0,1331,1
2,150,6014,1
2,150,3622,0
2,50,4031,1
2,0,1379,1
2,0,1812,1
2,100,3465,1
2,100,5930,1
2,50,NA,0
2,100,117,0
2,150,2982,0
2,50,1994,1
2,50,1578,1
2,100,4534,1
2,0,1380,1
2,0,1687,1
2,150,2509,1
2,150,2556,1
2,50,5280,1
2,50,NA,0
2,100,3946,0
2,0,1000,1
2,0,1686,1
2,150,3598,0
2,100,4577,1
2,50,3717,1
2,100,6542,0
2,150,6042,0
2,0,1827,1
2,100,4686,1
2,150,5282,0
2,0,1357,1
2,50,4601,1
2,150,3516,1
2,0,3220,1
2,100,7454,1
2,150,5791,0
2,50,1692,1
2,100,4066,1
2,0,1034,1
2,50,2836,1
2,100,1924,1
2,150,4835,1
2,0,932,1
2,0,1762,1
2,100,5567,0
2,50,1586,1
2,150,4095,0
2,50,1718,1
2,150,2122,1
2,100,6337,1
2,150,4381,1
2,100,6980,0
2,0,1055,1
2,0,1632,1
2,50,1536,1
2,50,1836,1
2,150,2694,1
2,0,1539,1
2,150,NA,0
2,0,2467,1
2,50,3979,1
2,50,1070,1
2,100,3614,1
2,100,6315,1
2,100,4025,1
2,100,4201,1
2,150,5124,1
2,0,5059,1
2,0,1253,1
2,50,3270,1
2,50,4659,1
2,150,4895,0
2,50,3899,1
2,0,1436,1
2,150,2965,1
2,50,5778,1
2,100,6069,0
2,0,2166,1
2,150,5106,0
2,100,4706,1
2,100,5033,1
2,50,3481,1
2,0,929,1
2,150,5382,1
2,150,6668,0
2,50,2171,1
2,100,3234,1
2,0,4008,1
3,0,2924,1
3,150,3631,1
3,150,2993,1
3,100,6246,1
3,50,2941,1
3,50,2402,1
3,100,3120,1
3,0,1363,1
3,150,4430,1
3,150,5892,1
3,50,4427,1
3,0,1822,1
3,0,1334,1
3,100,3820,1
3,100,2778,1
3,50,4176,1
3,100,5035,1
3,150,5399,1
3,50,2930,1
3,50,1937,1
3,100,3236,1
3,0,1575,1
3,0,1176,1
3,150,5368,1
3,150,2647,1
3,50,5275,1
3,50,2859,1
3,100,4091,1
3,0,1345,1
3,0,2533,1
3,150,3325,0
3,100,5628,1
3,50,7356,1
3,100,3642,1
3,150,4797,0
3,0,2030,1
3,100,4417,1
3,150,3433,1
3,0,1342,1
3,50,1270,1
3,150,6527,1
3,0,1325,1
3,100,5396,1
3,150,6729,1
3,50,1616,1
3,100,4217,1
3,0,1609,1
3,50,2639,1
3,100,3049,1
3,150,3681,1
3,0,2711,1
3,0,1740,1
3,100,3372,1
3,50,963,1
3,150,2054,1
3,50,2125,1
3,150,1760,1
3,100,1972,1
3,150,5673,1
3,100,NA,0
3,0,1703,1
3,0,1295,1
3,50,1086,1
3,50,2183,1
3,150,2208,1
3,0,1347,1
3,150,5904,1
3,0,2773,1
3,50,1333,1
3,50,1726,1
3,100,2380,1
3,100,5672,1
3,100,2970,1
3,100,3307,1
3,150,6274,0
3,0,2292,1
3,0,2073,1
3,50,1528,1
3,50,1692,1
3,150,6458,1
3,50,6253,1
3,0,950,1
3,150,2869,1
3,50,2005,1
3,100,3645,1
3,0,2607,1
3,150,3211,0
3,100,NA,0
3,100,4031,1
3,50,1671,1
3,0,1404,1
3,150,2720,0
3,150,2620,1
3,50,2134,1
3,100,2399,1
3,0,2129,1
4,0,1818,1
4,150,1646,0
4,150,1527,1
4,100,3133,1
4,50,2435,1
4,50,1251,1
4,100,2718,0
4,0,1200,1
4,150,3312,1
4,150,4109,1
4,50,2292,1
4,0,1820,1
4,0,1133,1
4,100,2347,1
4,100,2967,1
4,50,2379,1
4,100,1921,1
4,150,1966,1
4,50,3052,1
4,50,1372,1
4,100,2839,1
4,0,3238,0
4,0,1429,1
4,150,4437,1
4,150,2585,1
4,50,3376,1
4,50,1669,1
4,100,3972,1
4,0,982,1
4,0,1572,1
4,150,2311,0
4,100,3295,1
4,50,1676,1
4,100,2236,1
4,150,2927,0
4,0,1410,1
4,100,2582,1
4,150,2000,1
4,0,1077,1
4,50,1434,1
4,150,1949,1
4,0,2353,1
4,100,3343,1
4,150,1649,1
4,50,1228,1
4,100,2079,1
4,0,1283,1
4,50,3163,1
4,100,2124,1
4,150,3277,1
4,0,908,1
4,0,1004,1
4,100,2104,1
4,50,1011,1
4,150,1569,0
4,50,1258,1
4,150,2800,1
4,100,3494,1
4,150,2989,1
4,100,2223,1
4,0,945,1
4,0,2952,1
4,50,1514,1
4,50,1351,1
4,150,2950,1
4,0,1506,1
4,150,1977,1
4,0,1091,1
4,50,925,1
4,50,1225,1
4,100,5810,1
4,100,2111,1
4,100,1874,1
4,100,1424,1
4,150,3255,1
4,0,2231,0
4,0,2633,1
4,50,1941,1
4,50,1064,1
4,150,1714,0
4,50,3032,1
4,0,929,1
4,150,2776,1
4,50,3187,1
4,100,2653,1
4,0,2254,1
4,150,NA,0
4,100,519,1
4,100,2384,0
4,50,1984,1
4,0,956,1
4,150,3489,0
4,150,2125,1
4,50,1107,1
4,100,1516,1
4,0,2657,1
5,0,1606,1
5,150,2427,1
5,150,1109,1
5,100,1900,1
5,50,1098,1
5,50,1496,1
5,100,1553,0
5,0,970,1
5,150,3402,1
5,150,2196,0
5,50,2350,1
5,0,996,1
5,0,615,1
5,100,4115,1
5,100,902,1
5,50,1734,1
5,100,1132,1
5,150,1108,1
5,50,1345,1
5,50,1092,1
5,100,1397,1
5,0,1224,1
5,0,662,1
5,150,4073,1
5,150,2885,1
5,50,1212,1
5,50,2961,1
5,100,1941,1
5,0,646,1
5,0,705,1
5,150,4399,0
5,100,1939,1
5,50,1655,1
5,100,1648,1
5,150,3991,1
5,0,709,1
5,100,1906,1
5,150,1776,1
5,0,660,1
5,50,769,1
5,150,1545,1
5,0,909,1
5,100,1026,1
5,150,1645,1
5,50,942,1
5,100,981,1
5,0,753,1
5,50,633,1
5,100,1367,1
5,150,1444,1
5,0,1772,1
5,0,743,1
5,100,3296,1
5,50,714,1
5,150,2869,1
5,50,674,1
5,150,2146,0
5,100,1469,1
5,150,1296,1
5,100,1606,1
5,0,767,1
5,0,707,1
5,50,1074,1
5,50,1209,1
5,150,1421,1
5,0,733,1
5,150,1875,1
5,0,640,1
5,50,1166,1
5,50,808,1
5,100,1058,1
5,100,2337,1
5,100,1087,1
5,100,957,1
5,150,960,1
5,0,1168,1
5,0,837,1
5,50,1107,1
5,50,616,1
5,150,1451,1
5,50,2138,0
5,0,895,1
5,150,2249,1
5,50,1129,1
5,100,1349,1
5,0,872,1
5,150,2230,1
5,100,2347,1
5,100,1077,1
5,50,770,1
5,0,962,1
5,150,1242,1
5,150,1352,1
5,50,965,1
5,100,1129,1
5,0,1541,1
6,0,1182,1
6,150,1976,1
6,150,1523,1
6,100,1523,1
6,50,2232,1
6,50,1993,1
6,100,1861,1
6,0,1067,1
6,150,2498,1
6,150,1655,1
6,50,2424,1
6,0,1597,1
6,0,1021,1
6,100,2553,1
6,100,1750,1
6,50,1970,1
6,100,1790,1
6,150,1986,1
6,50,1614,1
6,50,1678,1
6,100,1958,1
6,0,1681,1
6,0,1460,1
6,150,2462,1
6,150,1857,1
6,50,1810,1
6,50,1149,1
6,100,2049,1
6,0,1234,1
6,0,1204,1
6,150,2535,0
6,100,2757,1
6,50,1306,1
6,100,2674,1
6,150,1705,1
6,0,1359,1
6,100,3827,1
6,150,1426,1
6,0,1468,1
6,50,1157,1
6,150,1578,1
6,0,1117,1
6,100,1678,1
6,150,1612,0
6,50,1032,1
6,100,1487,1
6,0,1127,1
6,50,1878,1
6,100,1516,1
6,150,1359,1
6,0,1041,1
6,0,1099,1
6,100,1594,1
6,50,1234,1
6,150,1958,1
6,50,1498,1
6,150,1360,1
6,100,2405,0
6,150,1928,1
6,100,1493,0
6,0,906,1
6,0,1907,1
6,50,1270,1
6,50,1078,1
6,150,1488,1
6,0,1016,1
6,150,1272,1
6,0,936,1
6,50,1471,1
6,50,1086,1
6,100,1415,1
6,100,2472,0
6,100,1047,1
6,100,1089,1
6,150,2343,1
6,0,1734,1
6,0,1435,1
6,50,1845,0
6,50,1051,1
6,150,2309,1
6,50,1838,1
6,0,845,1
6,150,1296,1
6,50,2126,1
6,100,1476,1
6,0,1291,1
6,150,2337,1
6,100,1207,1
6,100,2235,1
6,50,1060,1
6,0,852,1
6,150,1403,1
6,150,894,1
6,50,1061,1
6,100,1168,1
6,0,1354,1
7,0,1764,1
7,150,1998,1
7,150,2377,1
7,100,4865,1
7,50,3612,1
7,50,1884,1
7,100,2830,0
7,0,1526,1
7,150,2940,1
7,150,3888,1
7,50,NA,0
7,0,2554,1
7,0,1524,1
7,100,3677,1
7,100,1771,1
7,50,2375,1
7,100,2115,1
7,150,2472,1
7,50,2234,1
7,50,1884,1
7,100,2323,1
7,0,3417,1
7,0,1440,1
7,150,3749,1
7,150,2527,1
7,50,2445,1
7,50,1971,1
7,100,3757,1
7,0,1498,1
7,0,1735,1
7,150,4407,1
7,100,1651,1
7,50,1858,1
7,100,2339,1
7,150,3370,1
7,0,1431,1
7,100,2127,1
7,150,2539,1
7,0,1408,1
7,50,1956,1
7,150,2280,1
7,0,3423,1
7,100,3050,1
7,150,1517,0
7,50,1595,1
7,100,4173,1
7,0,1040,1
7,50,1802,1
7,100,1716,1
7,150,3007,1
7,0,1263,1
7,0,1160,1
7,100,1680,0
7,50,1339,1
7,150,4146,1
7,50,1070,1
7,150,2062,1
7,100,2919,1
7,150,1477,1
7,100,3437,1
7,0,1037,1
7,0,2047,1
7,50,1791,1
7,50,1363,1
7,150,2064,1
7,0,1200,1
7,150,2026,1
7,0,1667,1
7,50,1446,1
7,50,901,1
7,100,1460,1
7,100,4853,1
7,100,1752,1
7,100,1561,1
7,150,2841,1
7,0,3062,1
7,0,1577,1
7,50,5429,1
7,50,1493,1
7,150,2324,0
7,50,2370,0
7,0,1727,1
7,150,2525,1
7,50,1305,1
7,100,1767,1
7,0,4213,1
7,150,3191,1
7,100,3115,1
7,100,3291,1
7,50,1296,1
7,0,839,1
7,150,3512,0
7,150,4780,1
7,50,1233,1
7,100,1318,1
7,0,3019,1
8,0,2652,1
8,150,5529,1
8,150,3081,1
8,100,5655,1
8,50,3225,1
8,50,2634,1
8,100,6214,1
8,0,2234,1
8,150,NA,0
8,150,2865,1
8,50,3664,1
8,0,2100,1
8,0,1374,1
8,100,6694,0
8,100,4362,1
8,50,2928,1
8,100,2527,1
8,150,2067,1
8,50,2182,1
8,50,2095,1
8,100,2592,1
8,0,1999,1
8,0,1786,1
8,150,5088,1
8,150,2269,1
8,50,3333,1
8,50,1798,1
8,100,5351,1
8,0,3111,1
8,0,2233,1
8,150,4083,1
8,100,2052,1
8,50,2500,1
8,100,2931,1
8,150,4050,1
8,0,1436,1
8,100,5165,1
8,150,2662,1
8,0,1369,1
8,50,2498,1
8,150,4047,1
8,0,1410,1
8,100,2915,1
8,150,1810,1
8,50,2461,1
8,100,2031,1
8,0,1975,1
8,50,2585,0
8,100,2330,0
8,150,2552,1
8,0,1321,1
8,0,2991,1
8,100,3386,1
8,50,1237,1
8,150,6640,1
8,50,1939,1
8,150,2291,1
8,100,2499,1
8,150,2898,1
8,100,1909,0
8,0,2231,1
8,0,1416,1
8,50,1993,1
8,50,2077,1
8,150,3281,1
8,0,2198,1
8,150,3183,1
8,0,1499,1
8,50,5749,0
8,50,2647,1
8,100,2520,1
8,100,3248,1
8,100,2500,1
8,100,2199,1
8,150,3289,1
8,0,3831,1
8,0,2938,1
8,50,3333,1
8,50,1074,1
8,150,2660,1
8,50,3772,1
8,0,1510,1
8,150,3478,1
8,50,1861,1
8,100,2999,1
8,0,2133,1
8,150,3396,1
8,100,3232,1
8,100,1756,1
8,50,2760,1
8,0,1291,1
8,150,3674,1
8,150,2017,1
8,50,2607,1
8,100,1983,1
8,0,2225,1
9,0,1757,1
9,150,3883,0
9,150,3018,1
9,100,3122,1
9,50,4211,1
9,50,2005,1
9,100,4070,1
9,0,2414,1
9,150,7290,0
9,150,NA,0
9,50,3079,1
9,0,1368,1
9,0,1018,1
9,100,3807,1
9,100,4663,1
9,50,2793,1
9,100,3725,0
9,150,3145,0
9,50,3000,0
9,50,2755,1
9,100,2126,1
9,0,1922,1
9,0,3230,1
9,150,3820,1
9,150,1981,1
9,50,1574,1
9,50,2866,1
9,100,3838,1
9,0,1436,1
9,0,1142,1
9,150,6863,1
9,100,2586,1
9,50,2621,1
9,100,4058,0
9,150,5018,1
9,0,1329,1
9,100,5083,1
9,150,1550,1
9,0,1341,1
9,50,1170,1
9,150,6241,1
9,0,1736,1
9,100,4651,1
9,150,3150,1
9,50,1900,1
9,100,3081,1
9,0,1449,1
9,50,2009,1
9,100,2210,1
9,150,1833,0
9,0,1745,1
9,0,1406,1
9,100,2155,1
9,50,805,1
9,150,2459,0
9,50,1033,1
9,150,1028,1
9,100,2308,1
9,150,1624,1
9,100,2323,1
9,0,854,0
9,0,929,1
9,50,1912,1
9,50,1171,1
9,150,1921,1
9,0,1613,1
9,150,2665,1
9,0,1258,1
9,50,1499,1
9,50,1341,1
9,100,1380,1
9,100,2025,1
9,100,1571,1
9,100,2007,1
9,150,3809,1
9,0,2051,1
9,0,1289,1
9,50,3338,1
9,50,880,1
9,150,2622,0
9,50,3782,1
9,0,875,1
9,150,2205,1
9,50,3078,1
9,100,2909,1
9,0,3410,1
9,150,3039,0
9,100,1800,1
9,100,3788,1
9,50,1268,1
9,0,892,1
9,150,4926,1
9,150,4513,1
9,50,950,1
9,100,2160,1
9,0,1288,1
10,0,4567,1
10,150,5246,1
10,150,4245,1
10,100,NA,0
10,50,3330,1
10,50,4149,1
10,100,5204,1
10,0,2053,1
10,150,6096,1
10,150,4040,1
10,50,6200,1
10,0,3390,1
10,0,1526,1
10,100,6317,1
10,100,6700,0
10,50,2691,0
10,100,5274,1
10,150,5795,1
10,50,6656,1
10,50,4448,1
10,100,3902,1
10,0,2653,0
10,0,2451,1
10,150,5696,0
10,150,3757,1
10,50,3410,1
10,50,3877,1
10,100,5754,1
10,0,1855,1
10,0,7201,1
10,150,4812,1
10,100,4817,1
10,50,6411,1
10,100,4830,0
10,150,5208,1
10,0,2202,1
10,100,4678,0
10,150,NA,0
10,0,1998,1
10,50,1966,1
10,150,5667,1
10,0,3485,1
10,100,4498,1
10,150,NA,0
10,50,18,0
10,100,3352,1
10,0,1690,1
10,50,4015,1
10,100,5102,1
10,150,6096,0
10,0,1725,1
10,0,2443,1
10,100,5549,1
10,50,2690,1
10,150,NA,0
10,50,2601,1
10,150,1268,1
10,100,4229,1
10,150,4593,1
10,100,6090,1
10,0,1231,1
10,0,2186,1
10,50,2276,1
10,50,2387,1
10,150,4073,1
10,0,2629,1
10,150,1438,0
10,0,3075,1
10,50,5308,1
10,50,1887,1
10,100,4852,1
10,100,5353,1
10,100,4650,1
10,100,2430,1
10,150,6696,1
10,0,NA,0
10,0,2682,1
10,50,3641,1
10,50,4637,1
10,150,7465,1
10,50,6556,0
10,0,1569,1
10,150,6205,0
10,50,2910,1
10,100,3878,0
10,0,4397,1
10,150,4298,0
10,100,1638,1
10,100,4594,1
10,50,4117,1
10,0,1275,1
10,150,4888,1
10,150,NA,0
10,50,4217,1
10,100,6014,0
10,0,5758,1
11,0,NA,0
11,150,4796,1
11,150,5909,0
11,100,7448,1
11,50,NA,0
11,50,NA,0
11,100,4236,0
11,0,2351,1
11,150,3185,1
11,150,NA,0
11,50,NA,0
11,0,6642,1
11,0,2028,1
11,100,7049,1
11,100,NA,0
11,50,5241,1
11,100,NA,0
11,150,5347,1
11,50,7366,1
11,50,3909,1
11,100,5312,1
11,0,2790,1
11,0,4633,1
11,150,4996,1
11,150,4607,1
11,50,NA,0
11,50,6325,1
11,100,5672,0
11,0,1830,1
11,0,6673,1
11,150,7128,0
11,100,NA,0
11,50,NA,0
11,100,NA,0
11,150,6354,1
11,0,5211,1
11,100,6319,1
11,150,3228,1
11,0,2632,1
11,50,2650,0
11,150,3038,0
11,0,6116,1
11,100,3232,0
11,150,4245,1
11,50,6151,1
11,100,4996,1
11,0,1707,1
11,50,3805,1
11,100,3521,1
11,150,3061,1
11,0,1314,1
11,0,3463,1
11,100,4020,1
11,50,3545,1
11,150,5563,1
11,50,1975,1
11,150,4354,1
11,100,5063,0
11,150,3393,1
11,100,5322,1
11,0,2199,1
11,0,6133,1
11,50,6360,1
11,50,4189,1
11,150,5593,1
11,0,1436,1
11,150,4597,0
11,0,5605,1
11,50,5358,0
11,50,3232,1
11,100,2946,1
11,100,5199,1
11,100,4348,1
11,100,4528,1
11,150,4198,0
11,0,5753,1
11,0,3854,1
11,50,4181,1
11,50,5574,1
11,150,6655,0
11,50,4933,1
11,0,1590,1
11,150,5103,1
11,50,5254,1
11,100,4240,1
11,0,2409,1
11,150,3980,0
11,100,2952,0
11,100,5197,1
11,50,4078,1
11,0,1176,1
11,150,5654,0
11,150,4643,1
11,50,4031,1
11,100,3328,1
11,0,4020,1
12,0,3644,1
12,150,7243,1
12,150,1846,1
12,100,1835,1
12,50,1557,1
12,50,1720,1
12,100,6427,0
12,0,1174,1
12,150,3911,1
12,150,3648,1
12,50,1491,0
12,0,1290,1
12,0,855,1
12,100,3528,1
12,100,3039,1
12,50,1711,1
12,100,NA,0
12,150,NA,0
12,50,5811,1
12,50,1193,1
12,100,3356,1
12,0,1433,1
12,0,1034,1
12,150,1799,0
12,150,2462,1
12,50,1540,1
12,50,2262,1
12,100,2247,1
12,0,875,1
12,0,1232,1
12,150,2214,1
12,100,1982,1
12,50,2195,1
12,100,2061,1
12,150,2911,1
12,0,1846,1
12,100,2382,1
12,150,2490,1
12,0,1752,1
12,50,2547,1
12,150,3371,1
12,0,974,1
12,100,2432,1
12,150,2607,1
12,50,1318,1
12,100,1780,1
12,0,797,1
12,50,1354,1
12,100,1548,1
12,150,2029,1
12,0,849,1
12,0,1199,1
12,100,2350,1
12,50,1248,1
12,150,2216,1
12,50,1602,1
12,150,1711,1
12,100,2365,1
12,150,1202,1
12,100,2124,1
12,0,960,1
12,0,919,1
12,50,1212,1
12,50,1421,1
12,150,2326,1
12,0,1229,1
12,150,2415,1
12,0,1164,1
12,50,1720,1
12,50,1098,1
12,100,1695,1
12,100,1937,1
12,100,1869,1
12,100,3374,1
12,150,2371,1
12,0,1177,1
12,0,807,1
12,50,823,1
12,50,883,1
12,150,3303,0
12,50,3484,1
12,0,748,1
12,150,2266,1
12,50,1665,1
12,100,1856,1
12,0,1615,1
12,150,1811,1
12,100,1693,1
12,100,2172,1
12,50,1023,1
12,0,642,1
12,150,3224,1
12,150,5521,1
12,50,1543,1
12,100,1103,0
12,0,1810,1
13,0,2045,1
13,150,2964,1
13,150,1985,1
13,100,2701,1
13,50,2771,1
13,50,1743,1
13,100,2318,0
13,0,1199,1
13,150,3230,1
13,150,3615,1
13,50,2954,1
13,0,1249,1
13,0,1351,1
13,100,4693,1
13,100,4354,1
13,50,2799,1
13,100,1909,1
13,150,2252,1
13,50,2077,1
13,50,2016,1
13,100,2164,1
13,0,1088,0
13,0,2585,1
13,150,2229,1
13,150,4013,1
13,50,4880,1
13,50,2664,1
13,100,2674,1
13,0,1310,1
13,0,1301,1
13,150,4461,1
13,100,4564,1
13,50,1848,1
13,100,3556,1
13,150,3159,1
13,0,1482,1
13,100,2469,0
13,150,5339,1
13,0,1401,1
13,50,1865,1
13,150,1954,1
13,0,1366,1
13,100,1670,1
13,150,1541,0
13,50,1403,1
13,100,2926,1
13,0,1562,1
13,50,2406,1
13,100,1706,1
13,150,1716,1
13,0,1104,1
13,0,1406,1
13,100,2073,1
13,50,1560,1
13,150,1861,0
13,50,1014,1
13,150,2038,1
13,100,1327,1
13,150,2725,1
13,100,1884,1
13,0,2171,1
13,0,779,1
13,50,2106,1
13,50,1700,1
13,150,1413,1
13,0,1239,1
13,150,2069,1
13,0,935,1
13,50,1192,1
13,50,1334,1
13,100,2140,1
13,100,2842,1
13,100,2444,1
13,100,1724,1
13,150,3178,1
13,0,1580,1
13,0,842,1
13,50,2052,1
13,50,898,1
13,150,1649,0
13,50,2090,1
13,0,1106,1
13,150,1946,1
13,50,2308,1
13,100,1540,1
13,0,1288,1
13,150,3400,1
13,100,1884,1
13,100,2661,1
13,50,1730,1
13,0,885,1
13,150,2919,1
13,150,2844,1
13,50,1494,1
13,100,1343,1
13,0,1667,1
14,0,2463,1
14,150,2221,0
14,150,1269,1
14,100,4574,0
14,50,3313,1
14,50,1958,1
14,100,1941,0
14,0,1025,1
14,150,1828,0
14,150,1764,1
14,50,1857,1
14,0,1229,1
14,0,1216,1
14,100,1766,0
14,100,1527,1
14,50,2082,1
14,100,1813,0
14,150,1849,1
14,50,1619,0
14,50,2363,0
14,100,1959,1
14,0,1482,1
14,0,1218,1
14,150,1605,0
14,150,1445,1
14,50,1760,1
14,50,2003,0
14,100,2182,0
14,0,1353,1
14,0,1357,1
14,150,2082,1
14,100,2227,0
14,50,1901,1
14,100,2362,0
14,150,1465,0
14,0,1711,1
14,100,1861,0
14,150,2311,0
14,0,1118,1
14,50,875,1
14,150,1123,1
14,0,1031,1
14,100,1491,1
14,150,1242,0
14,50,906,1
14,100,1206,0
14,0,1009,1
14,50,1634,1
14,100,1564,0
14,150,1541,0
14,0,1528,1
14,0,1182,1
14,100,1469,1
14,50,984,1
14,150,1583,0
14,50,1519,1
14,150,805,1
14,100,1265,0
14,150,1386,1
14,100,1256,1
14,0,811,1
14,0,613,1
14,50,769,1
14,50,1644,1
14,150,2092,1
14,0,1004,1
14,150,1623,1
14,0,1448,1
14,50,1170,1
14,50,1277,1
14,100,1579,1
14,100,2306,1
14,100,1460,1
14,100,2511,1
14,150,1670,0
14,0,1908,1
14,0,856,1
14,50,2949,0
14,50,1526,1
14,150,2380,0
14,50,1449,0
14,0,672,1
14,150,2108,1
14,50,1914,1
14,100,1751,1
14,0,1347,1
14,150,1554,1
14,100,2495,1
14,100,1606,0
14,50,1030,1
14,0,737,1
14,150,2870,1
14,150,1754,1
14,50,1488,1
14,100,1049,1
14,0,1248,0
15,0,5886,1
15,150,NA,0
15,150,3587,1
15,100,4741,1
15,50,4308,1
15,50,4600,1
15,100,4659,1
15,0,2168,1
15,150,6136,1
15,150,4123,1
15,50,4668,1
15,0,3544,1
15,0,1580,1
15,100,4001,1
15,100,3693,1
15,50,3868,1
15,100,5792,1
15,150,3972,1
15,50,4433,1
15,50,1939,1
15,100,6419,1
15,0,1827,1
15,0,2284,1
15,150,NA,0
15,150,6483,1
15,50,4656,1
15,50,3650,1
15,100,2933,1
15,0,1605,1
15,0,4389,1
15,150,5614,1
15,100,4030,1
15,50,4792,1
15,100,3618,1
15,150,4231,1
15,0,2944,1
15,100,5376,1
15,150,2321,1
15,0,1961,1
15,50,5148,1
15,150,3643,1
15,0,2922,1
15,100,5417,0
15,150,6400,1
15,50,5763,1
15,100,NA,0
15,0,1618,1
15,50,2488,1
15,100,2156,1
15,150,3138,1
15,0,1533,1
15,0,3359,1
15,100,4526,1
15,50,2280,1
15,150,5223,1
15,50,2710,1
15,150,3109,1
15,100,3676,1
15,150,2491,1
15,100,3689,1
15,0,1253,1
15,0,2246,1
15,50,2633,1
15,50,1746,1
15,150,1992,1
15,0,2135,1
15,150,NA,0
15,0,1888,1
15,50,6146,1
15,50,2516,1
15,100,5021,1
15,100,3840,1
15,100,2673,1
15,100,3743,1
15,150,4433,0
15,0,2680,1
15,0,1815,1
15,50,4450,0
15,50,2617,1
15,150,5508,1
15,50,5317,1
15,0,1318,1
15,150,7011,1
15,50,3340,1
15,100,3838,1
15,0,2366,1
15,150,5941,1
15,100,3870,1
15,100,6052,1
15,50,1654,1
15,0,987,1
15,150,6955,1
15,150,4560,1
15,50,3625,1
15,100,1651,1
15,0,6216,0
16,0,1683,1
16,150,1719,1
16,150,2020,1
16,100,1888,1
16,50,1518,1
16,50,1723,1
16,100,2488,1
16,0,1245,1
16,150,1895,1
16,150,2022,0
16,50,3031,1
16,0,1675,1
16,0,1024,1
16,100,3068,1
16,100,1827,1
16,50,1468,1
16,100,1918,1
16,150,3701,1
16,50,2197,1
16,50,1655,1
16,100,3158,1
16,0,2706,1
16,0,1000,1
16,150,1918,1
16,150,2969,0
16,50,2115,1
16,50,2460,0
16,100,2350,0
16,0,983,1
16,0,1342,1
16,150,3769,0
16,100,1723,1
16,50,1990,0
16,100,2810,1
16,150,2350,0
16,0,2055,0
16,100,2844,0
16,150,2714,1
16,0,1084,1
16,50,1058,1
16,150,2713,1
16,0,1023,1
16,100,2770,1
16,150,2413,1
16,50,1506,1
16,100,2622,0
16,0,1159,1
16,50,1901,1
16,100,1610,1
16,150,1973,1
16,0,1078,1
16,0,1024,1
16,100,3017,0
16,50,1553,1
16,150,2951,1
16,50,1729,1
16,150,994,1
16,100,3067,1
16,150,2131,1
16,100,2617,1
16,0,1692,1
16,0,738,1
16,50,984,1
16,50,1461,1
16,150,2092,1
16,0,1314,1
16,150,3407,1
16,0,1092,1
16,50,2532,1
16,50,2288,1
16,100,2798,1
16,100,1515,1
16,100,1993,1
16,100,2475,1
16,150,2058,1
16,0,2435,1
16,0,1248,1
16,50,3893,0
16,50,1624,0
16,150,3827,1
16,50,3595,0
16,0,928,1
16,150,2735,1
16,50,2269,1
16,100,2677,0
16,0,4197,1
16,150,2393,1
16,100,2492,1
16,100,2210,1
16,50,3307,1
16,0,1041,1
16,150,1620,1
16,150,4554,1
16,50,1665,1
16,100,2781,1
16,0,4134,1
17,0,2443,1
17,150,5888,1
17,150,3670,1
17,100,4012,0
17,50,2902,1
17,50,3120,1
17,100,5431,1
17,0,1226,1
17,150,5480,1
17,150,4745,1
17,50,4690,1
17,0,2772,1
17,0,1265,1
17,100,2392,1
17,100,4716,1
17,50,3418,1
17,100,2654,1
17,150,2112,1
17,50,2702,1
17,50,1637,1
17,100,2109,1
17,0,884,0
17,0,1795,1
17,150,4023,1
17,150,5980,1
17,50,2026,1
17,50,3076,1
17,100,3157,1
17,0,1617,1
17,0,2367,1
17,150,NA,0
17,100,330,0
17,50,2687,0
17,100,4855,1
17,150,2719,0
17,0,1253,1
17,100,2855,1
17,150,4301,1
17,0,1565,1
17,50,1128,1
17,150,4087,1
17,0,1191,1
17,100,2115,1
17,150,2101,0
17,50,1218,1
17,100,1599,0
17,0,1632,1
17,50,2747,1
17,100,2427,1
17,150,2595,1
17,0,2486,1
17,0,2602,1
17,100,3139,1
17,50,1513,1
17,150,4106,1
17,50,1815,1
17,150,2761,1
17,100,2637,1
17,150,1784,1
17,100,2227,1
17,0,1338,1
17,0,1145,1
17,50,1854,1
17,50,1862,1
17,150,2316,0
17,0,1268,1
17,150,2322,1
17,0,1377,1
17,50,1748,1
17,50,1542,1
17,100,1460,1
17,100,2511,1
17,100,1409,1
17,100,2863,1
17,150,2104,1
17,0,2637,1
17,0,1727,1
17,50,1292,0
17,50,1260,1
17,150,1411,0
17,50,2582,0
17,0,1033,1
17,150,3028,1
17,50,2307,0
17,100,2191,1
17,0,2083,1
17,150,2745,1
17,100,2784,1
17,100,1781,1
17,50,1850,1
17,0,1140,1
17,150,1949,1
17,150,2432,1
17,50,1777,1
17,100,1287,1
17,0,3197,1
18,0,1557,0
18,150,942,1
18,150,1925,1
18,100,1738,0
18,50,1803,1
18,50,1452,1
18,100,2638,0
18,0,1057,1
18,150,2889,0
18,150,1751,1
18,50,2089,1
18,0,1307,1
18,0,780,1
18,100,1334,1
18,100,2008,1
18,50,960,1
18,100,2617,1
18,150,1576,1
18,50,1096,1
18,50,753,1
18,100,1376,1
18,0,727,0
18,0,1101,1
18,150,2024,0
18,150,3342,1
18,50,2179,1
18,50,2593,0
18,100,1385,0
18,0,858,1
18,0,1377,1
18,150,2191,0
18,100,2176,1
18,50,1620,1
18,100,3741,1
18,150,1636,1
18,0,1498,1
18,100,2515,1
18,150,2625,0
18,0,1122,1
18,50,1121,1
18,150,2887,1
18,0,1141,1
18,100,1797,0
18,150,2008,1
18,50,1265,1
18,100,1765,1
18,0,791,1
18,50,1806,1
18,100,2403,1
18,150,2147,1
18,0,1312,1
18,0,1077,1
18,100,2701,1
18,50,1395,1
18,150,1694,0
18,50,1220,1
18,150,791,1
18,100,1663,1
18,150,1883,1
18,100,1367,0
18,0,884,1
18,0,1410,1
18,50,1050,1
18,50,867,1
18,150,1748,1
18,0,936,1
18,150,1879,1
18,0,921,1
18,50,1681,1
18,50,1305,1
18,100,1749,1
18,100,2947,1
18,100,1510,1
18,100,1885,1
18,150,2437,0
18,0,2471,1
18,0,1886,1
18,50,1454,1
18,50,955,1
18,150,2196,1
18,50,1520,1
18,0,641,1
18,150,3003,1
18,50,2171,1
18,100,2085,1
18,0,923,0
18,150,2995,0
18,100,3119,1
18,100,1817,1
18,50,1420,1
18,0,660,1
18,150,1601,0
18,150,2926,1
18,50,1216,1
18,100,2064,1
18,0,1730,1
19,0,2775,1
19,150,2129,1
19,150,1548,1
19,100,4776,1
19,50,2467,1
19,50,3523,1
19,100,4751,1
19,0,1177,1
19,150,2698,1
19,150,4729,1
19,50,3871,1
19,0,1516,1
19,0,1507,1
19,100,2007,1
19,100,2156,1
19,50,1658,1
19,100,3726,1
19,150,2106,1
19,50,2255,1
19,50,2031,1
19,100,2178,1
19,0,1375,0
19,0,1225,1
19,150,2612,0
19,150,1004,1
19,50,1845,1
19,50,1545,1
19,100,1919,1
19,0,1098,1
19,0,1270,1
19,150,5922,1
19,100,2646,1
19,50,1991,1
19,100,2531,1
19,150,5373,1
19,0,1135,1
19,100,NA,0
19,150,3467,1
19,0,1002,1
19,50,1190,1
19,150,2782,1
19,0,1142,1
19,100,3661,0
19,150,2262,1
19,50,1345,1
19,100,2639,1
19,0,1259,1
19,50,1359,1
19,100,2689,1
19,150,1417,1
19,0,1144,1
19,0,1087,1
19,100,2620,1
19,50,1046,1
19,150,3141,1
19,50,1153,1
19,150,2143,1
19,100,1324,1
19,150,1536,1
19,100,2958,1
19,0,1143,1
19,0,1637,1
19,50,1783,1
19,50,2652,1
19,150,3243,1
19,0,1135,1
19,150,4616,1
19,0,918,1
19,50,1878,1
19,50,1621,1
19,100,1296,1
19,100,2889,1
19,100,1843,1
19,100,1910,1
19,150,3006,1
19,0,2883,1
19,0,2266,1
19,50,1857,1
19,50,1112,1
19,150,3257,0
19,50,3586,1
19,0,910,1
19,150,2143,1
19,50,1883,1
19,100,2350,1
19,0,2164,1
19,150,2962,1
19,100,2992,1
19,100,2776,1
19,50,1129,1
19,0,923,1
19,150,5046,1
19,150,1785,1
19,50,1071,1
19,100,1154,1
19,0,3520,1
20,0,2823,0
20,150,4421,0
20,150,NA,0
20,100,3352,1
20,50,2924,1
20,50,2554,1
20,100,3720,0
20,0,1636,1
20,150,3279,1
20,150,2454,1
20,50,2192,1
20,0,2157,1
20,0,1655,1
20,100,2831,1
20,100,2906,1
20,50,2042,1
20,100,2314,0
20,150,2026,1
20,50,2635,1
20,50,2094,1
20,100,1900,0
20,0,1890,1
20,0,2232,1
20,150,2141,0
20,150,4082,1
20,50,4081,1
20,50,3277,1
20,100,3553,1
20,0,1597,1
20,0,1991,1
20,150,3211,0
20,100,2614,1
20,50,2808,1
20,100,2947,1
20,150,3672,1
20,0,2385,1
20,100,2620,0
20,150,2477,0
20,0,1335,1
20,50,2004,1
20,150,2670,0
20,0,1719,1
20,100,2510,1
20,150,3084,0
20,50,2660,1
20,100,2332,0
20,0,1339,1
20,50,3543,1
20,100,2486,1
20,150,3121,0
20,0,2576,1
20,0,2043,1
20,100,2597,1
20,50,2214,1
20,150,4538,0
20,50,1743,1
20,150,2492,1
20,100,2987,1
20,150,3888,1
20,100,1863,1
20,0,1958,1
20,0,1930,1
20,50,2752,1
20,50,2765,1
20,150,2730,1
20,0,2033,1
20,150,2257,1
20,0,1610,1
20,50,2237,1
20,50,1382,1
20,100,1880,1
20,100,2608,1
20,100,2237,1
20,100,2550,1
20,150,1836,1
20,0,4357,0
20,0,4009,1
20,50,3052,0
20,50,3036,1
20,150,3670,0
20,50,3559,1
20,0,1932,1
20,150,3145,1
20,50,3110,0
20,100,2460,1
20,0,1749,1
20,150,3555,1
20,100,2776,1
20,100,3262,0
20,50,2500,1
20,0,1745,1
20,150,4526,0
20,150,2773,0
20,50,2008,1
20,100,2477,1
20,0,2083,1
21,0,1894,1
21,150,3015,1
21,150,2359,1
21,100,1638,0
21,50,2807,1
21,50,3106,1
21,100,2361,1
21,0,1200,1
21,150,4306,1
21,150,3367,1
21,50,1996,0
21,0,1177,1
21,0,1342,1
21,100,4265,1
21,100,2960,1
21,50,2364,1
21,100,3866,1
21,150,2771,1
21,50,2055,1
21,50,1912,1
21,100,2077,1
21,0,1908,1
21,0,1010,1
21,150,6103,1
21,150,2188,1
21,50,4082,1
21,50,5328,0
21,100,2839,1
21,0,1367,1
21,0,2381,1
21,150,3160,1
21,100,6668,1
21,50,2813,1
21,100,6993,1
21,150,4764,1
21,0,2296,1
21,100,2840,1
21,150,3265,1
21,0,1578,1
21,50,1789,1
21,150,2976,1
21,0,2221,1
21,100,3607,1
21,150,2818,1
21,50,2246,1
21,100,2182,1
21,0,1088,1
21,50,1890,1
21,100,2124,1
21,150,1914,1
21,0,888,1
21,0,1152,1
21,100,2558,1
21,50,1080,1
21,150,4682,0
21,50,1176,1
21,150,1097,1
21,100,3443,1
21,150,1972,1
21,100,2720,1
21,0,885,1
21,0,2565,1
21,50,1177,1
21,50,1600,1
21,150,1992,0
21,0,1019,1
21,150,1767,1
21,0,843,1
21,50,1638,1
21,50,989,1
21,100,1304,1
21,100,1713,1
21,100,1262,1
21,100,1262,1
21,150,1510,1
21,0,2372,1
21,0,2399,1
21,50,3835,1
21,50,1236,1
21,150,2814,1
21,50,3954,1
21,0,784,1
21,150,3212,1
21,50,6181,1
21,100,3873,1
21,0,3169,1
21,150,3204,1
21,100,2840,1
21,100,1667,1
21,50,1338,1
21,0,733,1
21,150,2541,1
21,150,3392,0
21,50,1940,1
21,100,1740,1
21,0,4048,1
22,0,1184,0
22,150,3699,1
22,150,2080,1
22,100,2437,1
22,50,1744,1
22,50,5516,1
22,100,2919,1
22,0,1161,1
22,150,2892,0
22,150,3100,1
22,50,NA,0
22,0,2464,0
22,0,1591,1
22,100,2040,1
22,100,3884,0
22,50,3092,1
22,100,NA,0
22,150,2211,1
22,50,2573,1
22,50,1678,1
22,100,2202,1
22,0,NA,0
22,0,35,0
22,150,6246,1
22,150,7099,1
22,50,2288,1
22,50,2742,1
22,100,4906,1
22,0,1364,1
22,0,6054,1
22,150,5458,1
22,100,3912,1
22,50,5208,1
22,100,4483,1
22,150,2828,0
22,0,5711,1
22,100,4133,0
22,150,4201,1
22,0,1956,1
22,50,1458,1
22,150,NA,0
22,0,2707,1
22,100,NA,0
22,150,4129,1
22,50,1464,1
22,100,3237,0
22,0,1057,1
22,50,2522,1
22,100,2743,1
22,150,3251,1
22,0,2200,1
22,0,1877,1
22,100,5355,1
22,50,1396,1
22,150,4718,1
22,50,1163,1
22,150,1340,1
22,100,4645,1
22,150,1693,1
22,100,5268,1
22,0,943,1
22,0,2188,1
22,50,2449,1
22,50,2996,1
22,150,2230,1
22,0,1288,1
22,150,3581,1
22,0,1682,1
22,50,1735,1
22,50,2746,1
22,100,4088,1
22,100,3223,1
22,100,3245,1
22,100,2159,1
22,150,1822,1
22,0,3993,0
22,0,1651,1
22,50,4132,1
22,50,3978,1
22,150,2647,1
22,50,5009,0
22,0,1110,1
22,150,3957,1
22,50,2993,1
22,100,1983,1
22,0,2146,1
22,150,1681,1
22,100,3754,1
22,100,3568,1
22,50,1052,1
22,0,1229,1
22,150,1418,1
22,150,1925,1
22,50,1655,1
22,100,2080,1
22,0,1407,0
23,0,1394,1
23,150,2499,1
23,150,2026,1
23,100,3996,1
23,50,2062,1
23,50,1598,1
23,100,4838,0
23,0,1378,1
23,150,2814,1
23,150,2601,1
23,50,2099,1
23,0,1780,1
23,0,1102,1
23,100,2908,1
23,100,1730,1
23,50,2425,1
23,100,1987,1
23,150,2006,1
23,50,1513,1
23,50,1391,1
23,100,2161,1
23,0,1238,0
23,0,1085,1
23,150,4456,1
23,150,4213,1
23,50,2338,1
23,50,2246,1
23,100,6278,0
23,0,1172,1
23,0,2101,1
23,150,4120,1
23,100,4239,1
23,50,1374,1
23,100,3811,0
23,150,NA,0
23,0,61,0
23,100,3664,0
23,150,1987,1
23,0,1114,1
23,50,3161,1
23,150,2274,1
23,0,1415,1
23,100,3012,1
23,150,1653,1
23,50,1776,1
23,100,2653,0
23,0,1273,1
23,50,1668,1
23,100,1404,1
23,150,2425,1
23,0,1192,1
23,0,2017,1
23,100,3413,1
23,50,1507,1
23,150,2686,0
23,50,1133,1
23,150,1635,1
23,100,2908,1
23,150,1802,1
23,100,3373,1
23,0,894,1
23,0,2735,1
23,50,1724,1
23,50,1216,1
23,150,2052,1
23,0,1781,1
23,150,3215,0
23,0,3247,1
23,50,1997,1
23,50,1325,1
23,100,1394,1
23,100,2970,1
23,100,1604,1
23,100,2364,1
23,150,3273,1
23,0,2243,1
23,0,1283,1
23,50,2769,1
23,50,2052,1
23,150,2670,0
23,50,1598,1
23,0,985,1
23,150,2374,1
23,50,2597,1
23,100,2977,1
23,0,2644,1
23,150,1845,1
23,100,2583,1
23,100,1915,1
23,50,1175,1
23,0,918,1
23,150,2730,0
23,150,2196,1
23,50,1953,1
23,100,1336,1
23,0,3396,1
24,0,4032,1
24,150,7398,1
24,150,4936,1
24,100,6965,1
24,50,2697,1
24,50,5159,1
24,100,NA,0
24,0,1531,1
24,150,6920,1
24,150,2878,0
24,50,4503,1
24,0,1626,0
24,0,1612,1
24,100,3052,1
24,100,2775,1
24,50,2035,1
24,100,NA,0
24,150,2959,1
24,50,4585,1
24,50,1508,1
24,100,5709,1
24,0,1857,1
24,0,1202,1
24,150,NA,0
24,150,2932,1
24,50,1774,1
24,50,2656,0
24,100,5120,1
24,0,1585,1
24,0,1682,1
24,150,2661,0
24,100,6347,1
24,50,1776,1
24,100,3108,1
24,150,NA,0
24,0,1341,1
24,100,1787,1
24,150,4508,1
24,0,1210,1
24,50,1455,1
24,150,4860,1
24,0,1792,1
24,100,2276,1
24,150,4142,1
24,50,2645,1
24,100,4938,1
24,0,1018,1
24,50,1362,1
24,100,2057,1
24,150,2642,1
24,0,1304,1
24,0,1875,1
24,100,6751,1
24,50,1338,1
24,150,NA,0
24,50,1491,1
24,150,4117,1
24,100,3418,1
24,150,2459,1
24,100,2372,1
24,0,1293,1
24,0,1098,1
24,50,7027,1
24,50,1595,1
24,150,3319,1
24,0,971,1
24,150,3854,1
24,0,1257,1
24,50,1381,1
24,50,1118,1
24,100,2399,1
24,100,5052,1
24,100,2526,1
24,100,6902,1
24,150,6613,1
24,0,2570,1
24,0,2942,1
24,50,5172,1
24,50,1184,1
24,150,6067,1
24,50,4803,1
24,0,952,1
24,150,4471,1
24,50,2133,1
24,100,3389,1
24,0,6410,1
24,150,2950,1
24,100,5319,1
24,100,3553,1
24,50,2700,1
24,0,1319,1
24,150,3370,1
24,150,5478,1
24,50,1410,1
24,100,2024,1
24,0,4951,1
25,0,1550,1
25,150,2543,0
25,150,3691,1
25,100,5219,1
25,50,2847,1
25,50,3319,1
25,100,5294,1
25,0,1291,1
25,150,6158,1
25,150,4976,1
25,50,5118,1
25,0,3166,1
25,0,1256,1
25,100,4410,1
25,100,NA,0
25,50,2442,1
25,100,7294,1
25,150,7374,1
25,50,NA,0
25,50,4346,1
25,100,3773,1
25,0,2607,1
25,0,1211,1
25,150,4169,0
25,150,4291,1
25,50,2969,1
25,50,6448,0
25,100,2913,1
25,0,1429,1
25,0,3336,1
25,150,4685,1
25,100,5126,1
25,50,3500,1
25,100,2916,1
25,150,5787,0
25,0,1894,1
25,100,2494,1
25,150,5402,0
25,0,1504,1
25,50,1518,1
25,150,3580,1
25,0,1848,1
25,100,4499,1
25,150,4698,1
25,50,1610,1
25,100,NA,0
25,0,1442,1
25,50,2603,1
25,100,2779,1
25,150,3532,1
25,0,1248,1
25,0,2111,1
25,100,4562,1
25,50,1459,1
25,150,5263,1
25,50,3996,1
25,150,3937,1
25,100,3879,1
25,150,5681,1
25,100,4022,1
25,0,1368,1
25,0,3966,1
25,50,1617,1
25,50,2876,1
25,150,4212,1
25,0,1004,1
25,150,4978,0
25,0,3877,1
25,50,1590,1
25,50,2986,1
25,100,7299,0
25,100,3338,1
25,100,NA,0
25,100,2945,1
25,150,3743,1
25,0,2354,1
25,0,1687,1
25,50,6769,1
25,50,2139,1
25,150,2609,0
25,50,5357,0
25,0,1081,1
25,150,4818,1
25,50,2922,1
25,100,5705,1
25,0,3559,1
25,150,5294,0
25,100,6204,1
25,100,4347,0
25,50,4469,1
25,0,884,1
25,150,3982,1
25,150,4601,1
25,50,1596,1
25,100,5137,0
25,0,2070,1
26,0,6150,1
26,150,4895,1
26,150,2134,1
26,100,4117,1
26,50,3010,1
26,50,4412,1
26,100,NA,0
26,0,1782,1
26,150,3708,1
26,150,3272,1
26,50,3692,1
26,0,2915,1
26,0,1470,1
26,100,2417,1
26,100,4307,1
26,50,2744,1
26,100,3646,1
26,150,2289,1
26,50,2609,1
26,50,1947,1
26,100,3525,1
26,0,1747,1
26,0,2135,1
26,150,2745,1
26,150,4276,1
26,50,2154,1
26,50,1736,1
26,100,3319,1
26,0,1588,1
26,0,2327,1
26,150,2682,0
26,100,2687,1
26,50,1622,1
26,100,1951,1
26,150,3053,1
26,0,2423,1
26,100,3256,1
26,150,2985,1
26,0,1285,1
26,50,2589,0
26,150,3976,0
26,0,2180,1
26,100,2368,1
26,150,3292,1
26,50,3158,1
26,100,3417,1
26,0,1132,1
26,50,1289,1
26,100,4102,1
26,150,2171,1
26,0,1150,1
26,0,2124,1
26,100,3386,1
26,50,1451,1
26,150,2214,1
26,50,1255,1
26,150,1336,1
26,100,2982,1
26,150,2122,1
26,100,2192,1
26,0,946,1
26,0,2160,1
26,50,2250,1
26,50,1644,1
26,150,3303,1
26,0,1636,1
26,150,2631,1
26,0,4490,1
26,50,3394,1
26,50,1250,1
26,100,2107,1
26,100,4020,1
26,100,2055,1
26,100,3038,1
26,150,3376,1
26,0,6773,1
26,0,1113,1
26,50,1673,1
26,50,3582,1
26,150,3363,0
26,50,2400,1
26,0,899,1
26,150,2050,1
26,50,3074,0
26,100,1762,1
26,0,2014,1
26,150,2498,1
26,100,1880,1
26,100,3001,1
26,50,1612,1
26,0,947,1
26,150,2162,1
26,150,2853,1
26,50,2398,1
26,100,2268,1
26,0,2283,1
27,0,2933,1
27,150,2232,1
27,150,1396,1
27,100,2302,0
27,50,2837,1
27,50,2975,1
27,100,2451,1
27,0,1331,1
27,150,5970,1
27,150,2710,1
27,50,3157,1
27,0,1682,1
27,0,1112,1
27,100,3048,1
27,100,2295,1
27,50,1768,0
27,100,1236,1
27,150,3230,1
27,50,3376,1
27,50,1076,1
27,100,1524,1
27,0,966,0
27,0,2172,1
27,150,3618,1
27,150,4434,1
27,50,3124,1
27,50,2636,1
27,100,2453,1
27,0,2028,1
27,0,1607,1
27,150,1466,0
27,100,NA,0
27,50,2624,1
27,100,2460,0
27,150,2499,1
27,0,1394,1
27,100,2022,1
27,150,2520,1
27,0,1039,1
27,50,1600,1
27,150,1545,1
27,0,2432,1
27,100,2186,1
27,150,1460,1
27,50,1678,1
27,100,1606,1
27,0,1127,1
27,50,1150,1
27,100,1164,0
27,150,1165,1
27,0,1304,1
27,0,997,1
27,100,1897,1
27,50,926,1
27,150,2175,1
27,50,928,1
27,150,1527,0
27,100,1100,1
27,150,1549,1
27,100,1456,0
27,0,816,1
27,0,884,1
27,50,1122,1
27,50,1063,1
27,150,1706,1
27,0,1248,1
27,150,1552,1
27,0,803,1
27,50,2346,1
27,50,1192,1
27,100,1063,1
27,100,2202,1
27,100,1196,1
27,100,1535,1
27,150,2659,1
27,0,2403,0
27,0,1503,1
27,50,1423,0
27,50,1959,1
27,150,1923,0
27,50,1699,1
27,0,1073,1
27,150,5513,1
27,50,1718,1
27,100,1510,1
27,0,2651,1
27,150,3366,1
27,100,2793,1
27,100,1597,1
27,50,1328,1
27,0,828,1
27,150,2095,1
27,150,2125,1
27,50,1226,1
27,100,2783,1
27,0,1017,1
28,0,3855,1
28,150,6735,0
28,150,6563,1
28,100,NA,0
28,50,4259,1
28,50,4506,1
28,100,5170,1
28,0,1661,1
28,150,3550,1
28,150,3355,1
28,50,7113,1
28,0,1817,1
28,0,1960,1
28,100,2663,1
28,100,3598,1
28,50,2498,1
28,100,5498,1
28,150,3745,1
28,50,3911,1
28,50,2917,1
28,100,2970,1
28,0,2599,1
28,0,2896,1
28,150,6058,1
28,150,2106,1
28,50,2303,1
28,50,3463,1
28,100,5825,1
28,0,1489,1
28,0,1271,1
28,150,7249,1
28,100,6091,1
28,50,4416,1
28,100,4685,0
28,150,6293,1
28,0,2548,1
28,100,3225,1
28,150,1858,1
28,0,1995,1
28,50,1278,1
28,150,3580,1
28,0,1881,1
28,100,3753,1
28,150,5375,1
28,50,3020,1
28,100,4565,1
28,0,1442,1
28,50,2699,1
28,100,2492,1
28,150,3164,0
28,0,1832,1
28,0,1608,1
28,100,2564,1
28,50,1911,1
28,150,4023,0
28,50,1415,1
28,150,1843,1
28,100,3666,1
28,150,3124,1
28,100,3312,1
28,0,1686,1
28,0,1285,1
28,50,2053,1
28,50,2134,1
28,150,2909,1
28,0,1812,1
28,150,3700,1
28,0,1181,1
28,50,2373,1
28,50,1722,1
28,100,1513,1
28,100,4528,1
28,100,1575,1
28,100,3658,1
28,150,2139,1
28,0,5103,1
28,0,1887,1
28,50,2679,1
28,50,1884,1
28,150,4413,1
28,50,3975,1
28,0,987,1
28,150,2753,1
28,50,4100,1
28,100,1955,1
28,0,3154,0
28,150,4062,1
28,100,2792,1
28,100,6500,1
28,50,2849,1
28,0,1200,1
28,150,2612,1
28,150,4527,1
28,50,2858,1
28,100,1759,1
28,0,2899,1
29,0,5076,1
29,150,3696,1
29,150,3384,1
29,100,5059,1
29,50,3252,1
29,50,4557,1
29,100,NA,0
29,0,1712,1
29,150,6402,1
29,150,4571,1
29,50,5753,1
29,0,2062,1
29,0,1659,1
29,100,3863,1
29,100,2727,1
29,50,3684,1
29,100,3684,1
29,150,3749,1
29,50,3483,1
29,50,3458,1
29,100,3243,1
29,0,2985,1
29,0,2124,1
29,150,4359,1
29,150,3561,1
29,50,4413,1
29,50,5264,1
29,100,4626,1
29,0,1233,1
29,0,2636,1
29,150,3087,1
29,100,5358,1
29,50,2561,1
29,100,3800,1
29,150,4707,0
29,0,1320,1
29,100,4622,1
29,150,2560,1
29,0,1926,1
29,50,2307,1
29,150,3298,1
29,0,1617,1
29,100,5730,1
29,150,3011,1
29,50,2661,1
29,100,3813,1
29,0,1495,1
29,50,2093,1
29,100,2774,1
29,150,3036,1
29,0,1316,1
29,0,2371,1
29,100,2489,1
29,50,1350,1
29,150,4596,1
29,50,1200,1
29,150,3850,1
29,100,3820,1
29,150,1494,1
29,100,2260,1
29,0,957,1
29,0,1386,1
29,50,3780,1
29,50,1695,1
29,150,2400,1
29,0,2242,1
29,150,1651,0
29,0,1789,1
29,50,2945,1
29,50,1211,1
29,100,1350,1
29,100,3468,1
29,100,2693,1
29,100,1852,1
29,150,1452,1
29,0,3551,1
29,0,1828,1
29,50,3211,1
29,50,1734,1
29,150,4243,1
29,50,3023,1
29,0,970,1
29,150,2501,1
29,50,3010,1
29,100,2821,1
29,0,1961,1
29,150,5621,1
29,100,2176,1
29,100,1819,1
29,50,1598,1
29,0,1072,1
29,150,3952,1
29,150,2381,1
29,50,4743,1
29,100,1567,1
29,0,5018,1
30,0,2733,1
30,150,2313,1
30,150,2248,0
30,100,3640,1
30,50,2674,0
30,50,1859,1
30,100,2614,1
30,0,1587,1
30,150,4480,1
30,150,2446,1
30,50,2562,1
30,0,1446,1
30,0,1301,1
30,100,2700,1
30,100,2296,1
30,50,1941,0
30,100,1775,1
30,150,1687,1
30,50,2429,1
30,50,1644,1
30,100,2325,1
30,0,1761,1
30,0,1109,1
30,150,3535,1
30,150,3553,1
30,50,2180,1
30,50,1458,1
30,100,2001,1
30,0,1081,1
30,0,2343,1
30,150,4065,1
30,100,3188,1
30,50,2673,1
30,100,2572,1
30,150,4624,1
30,0,1719,1
30,100,4689,1
30,150,4391,0
30,0,1162,1
30,50,1470,1
30,150,4128,1
30,0,1204,1
30,100,4111,1
30,150,2728,0
30,50,1245,1
30,100,2071,1
30,0,1390,1
30,50,3024,1
30,100,1828,1
30,150,2453,1
30,0,1255,1
30,0,1125,1
30,100,2900,1
30,50,1705,1
30,150,6553,1
30,50,1206,1
30,150,2896,1
30,100,3775,1
30,150,2108,1
30,100,2369,1
30,0,973,1
30,0,1168,1
30,50,3365,1
30,50,1488,1
30,150,2887,1
30,0,974,1
30,150,3651,1
30,0,1205,1
30,50,1957,1
30,50,1725,1
30,100,2036,1
30,100,4041,1
30,100,1553,1
30,100,2091,1
30,150,3225,1
30,0,2023,1
30,0,1608,1
30,50,3799,1
30,50,1087,1
30,150,1701,1
30,50,2352,1
30,0,1046,1
30,150,2609,1
30,50,2242,1
30,100,3251,1
30,0,1766,1
30,150,3944,1
30,100,3521,1
30,100,3428,1
30,50,1599,1
30,0,1176,1
30,150,3449,1
30,150,1579,1
30,50,1417,1
30,100,1380,1
30,0,4526,1
31,0,1780,1
31,150,3019,1
31,150,2061,1
31,100,2472,1
31,50,2281,0
31,50,1967,1
31,100,2233,1
31,0,1242,1
31,150,3319,1
31,150,3403,1
31,50,2464,1
31,0,1922,1
31,0,1271,1
31,100,2640,1
31,100,1869,1
31,50,3312,1
31,100,3062,1
31,150,2782,1
31,50,1699,1
31,50,3068,1
31,100,3128,1
31,0,1918,1
31,0,1382,1
31,150,2212,1
31,150,3149,1
31,50,4162,1
31,50,2744,1
31,100,3885,0
31,0,1432,1
31,0,2136,1
31,150,2992,0
31,100,3350,1
31,50,2817,1
31,100,3580,0
31,150,2968,1
31,0,2155,1
31,100,3163,1
31,150,3146,1
31,0,1538,1
31,50,2240,1
31,150,2225,1
31,0,1627,1
31,100,2452,1
31,150,2688,0
31,50,1726,1
31,100,1820,0
31,0,2206,1
31,50,2759,0
31,100,2132,1
31,150,2410,1
31,0,1450,1
31,0,1533,1
31,100,2905,1
31,50,1745,1
31,150,2855,0
31,50,2087,1
31,150,1806,1
31,100,2815,1
31,150,2339,1
31,100,2705,1
31,0,1288,1
31,0,1657,1
31,50,3446,1
31,50,2511,1
31,150,2758,1
31,0,1387,1
31,150,3149,1
31,0,2066,1
31,50,3107,1
31,50,2078,1
31,100,2577,1
31,100,4334,0
31,100,2051,1
31,100,2334,1
31,150,3927,1
31,0,2656,1
31,0,2048,1
31,50,2617,1
31,50,2088,1
31,150,2649,1
31,50,3132,1
31,0,1288,1
31,150,2583,1
31,50,2781,1
31,100,1984,1
31,0,2163,1
31,150,4167,1
31,100,2507,0
31,100,2285,1
31,50,2289,1
31,0,1215,1
31,150,2339,1
31,150,3758,1
31,50,1873,1
31,100,2030,1
31,0,2102,1
32,0,5814,1
32,150,5351,1
32,150,4852,1
32,100,6869,0
32,50,3681,1
32,50,4445,1
32,100,5543,1
32,0,1777,1
32,150,5481,1
32,150,NA,0
32,50,5270,1
32,0,3679,1
32,0,1741,1
32,100,4772,1
32,100,4231,1
32,50,3961,1
32,100,5735,1
32,150,3276,1
32,50,4374,1
32,50,2258,1
32,100,4610,1
32,0,1988,1
32,0,1749,1
32,150,4943,1
32,150,4529,1
32,50,5816,1
32,50,3954,1
32,100,3608,1
32,0,1232,1
32,0,3805,1
32,150,4914,1
32,100,4181,1
32,50,4069,1
32,100,5593,1
32,150,6309,1
32,0,4177,1
32,100,4810,0
32,150,3902,1
32,0,1270,1
32,50,3336,1
32,150,4068,1
32,0,2885,1
32,100,6108,1
32,150,2916,1
32,50,3730,1
32,100,3618,1
32,0,1489,1
32,50,2137,1
32,100,3385,1
32,150,3220,1
32,0,1235,1
32,0,2685,1
32,100,2935,1
32,50,1827,1
32,150,3110,1
32,50,2859,1
32,150,2588,1
32,100,3632,1
32,150,2770,1
32,100,4151,1
32,0,1562,1
32,0,2400,1
32,50,1874,1
32,50,2241,1
32,150,3210,1
32,0,1549,1
32,150,3147,1
32,0,2207,1
32,50,4027,1
32,50,1619,1
32,100,2045,1
32,100,3593,1
32,100,1611,1
32,100,3588,1
32,150,3326,0
32,0,3118,1
32,0,2004,1
32,50,2622,1
32,50,1725,1
32,150,2743,0
32,50,2052,1
32,0,1220,1
32,150,2862,1
32,50,2839,1
32,100,2992,1
32,0,2417,1
32,150,3942,1
32,100,4498,1
32,100,4884,1
32,50,1985,1
32,0,1197,1
32,150,2430,1
32,150,2561,0
32,50,2523,1
32,100,2172,1
32,0,3999,1
33,0,1518,1
33,150,3277,1
33,150,2526,1
33,100,2413,1
33,50,3305,1
33,50,2493,1
33,100,3070,1
33,0,1446,1
33,150,3001,1
33,150,2866,1
33,50,2372,0
33,0,2625,1
33,0,1710,1
33,100,1673,1
33,100,3256,0
33,50,2640,0
33,100,2787,1
33,150,2558,0
33,50,3356,1
33,50,4112,0
33,100,3435,1
33,0,1998,1
33,0,1889,1
33,150,2058,0
33,150,2657,1
33,50,2481,1
33,50,2531,1
33,100,3736,1
33,0,2325,1
33,0,2670,1
33,150,3753,0
33,100,2375,1
33,50,2338,1
33,100,2345,0
33,150,5263,1
33,0,3854,1
33,100,2553,1
33,150,2420,1
33,0,2563,1
33,50,2825,1
33,150,3019,0
33,0,2686,1
33,100,2095,1
33,150,2741,1
33,50,2075,1
33,100,4100,1
33,0,1474,1
33,50,1929,1
33,100,2172,1
33,150,2154,1
33,0,1254,1
33,0,1853,1
33,100,2559,1
33,50,1915,1
33,150,3262,0
33,50,4375,1
33,150,3061,0
33,100,2852,0
33,150,2710,0
33,100,2044,1
33,0,1310,1
33,0,1842,1
33,50,3324,1
33,50,1496,0
33,150,2416,1
33,0,1193,1
33,150,2204,0
33,0,2905,1
33,50,2856,1
33,50,1246,1
33,100,1978,1
33,100,3901,1
33,100,2444,1
33,100,2629,1
33,150,4068,0
33,0,3020,1
33,0,1152,1
33,50,2743,0
33,50,2058,1
33,150,3299,1
33,50,3362,1
33,0,3975,1
33,150,1906,1
33,50,2704,1
33,100,3216,1
33,0,1634,1
33,150,4060,0
33,100,1950,0
33,100,4228,1
33,50,1715,1
33,0,1154,1
33,150,3342,0
33,150,3347,1
33,50,2411,1
33,100,2749,1
33,0,1183,0
34,0,1985,1
34,150,6425,1
34,150,1810,1
34,100,2543,1
34,50,2553,1
34,50,1812,0
34,100,2824,1
34,0,1064,1
34,150,4954,1
34,150,2043,1
34,50,2637,1
34,0,1293,1
34,0,1030,1
34,100,2937,1
34,100,1402,1
34,50,3012,1
34,100,1971,1
34,150,1743,1
34,50,1332,1
34,50,1003,1
34,100,1971,1
34,0,1702,1
34,0,1347,1
34,150,2973,1
34,150,3518,0
34,50,1640,1
34,50,3254,1
34,100,2284,0
34,0,1205,1
34,0,2502,1
34,150,2094,1
34,100,2852,1
34,50,1751,1
34,100,2402,1
34,150,2576,1
34,0,2254,1
34,100,3047,1
34,150,2354,1
34,0,2610,1
34,50,1109,1
34,150,2322,1
34,0,1355,1
34,100,1680,1
34,150,1778,1
34,50,1512,1
34,100,1080,1
34,0,1093,1
34,50,1622,1
34,100,3156,1
34,150,1341,1
34,0,1451,1
34,0,1842,1
34,100,1399,1
34,50,901,1
34,150,4307,1
34,50,1958,1
34,150,2510,1
34,100,2717,1
34,150,1274,1
34,100,3171,1
34,0,982,1
34,0,1684,1
34,50,3823,1
34,50,1370,1
34,150,1565,1
34,0,1192,1
34,150,1668,1
34,0,1538,1
34,50,1710,1
34,50,2027,1
34,100,1197,1
34,100,6484,1
34,100,1167,1
34,100,1829,1
34,150,2120,0
34,0,2594,1
34,0,1064,1
34,50,2826,1
34,50,1097,1
34,150,1326,1
34,50,3614,1
34,0,892,1
34,150,1096,1
34,50,1967,1
34,100,1585,1
34,0,1588,1
34,150,2856,1
34,100,1270,1
34,100,1939,1
34,50,1276,1
34,0,669,1
34,150,1423,1
34,150,1330,1
34,50,2752,1
34,100,1331,1
34,0,1078,1
35,0,2165,1
35,150,4028,1
35,150,3911,1
35,100,6650,1
35,50,3081,1
35,50,4584,1
35,100,4118,1
35,0,2539,1
35,150,4424,1
35,150,NA,0
35,50,3083,1
35,0,1852,1
35,0,2004,1
35,100,2063,1
35,100,3558,1
35,50,2348,1
35,100,3890,1
35,150,3210,1
35,50,2124,1
35,50,2514,1
35,100,2015,1
35,0,2553,1
35,0,3188,1
35,150,3009,1
35,150,3257,1
35,50,2797,1
35,50,4320,1
35,100,4888,1
35,0,2037,1
35,0,3990,1
35,150,4549,0
35,100,4848,1
35,50,2966,1
35,100,6631,1
35,150,6713,1
35,0,2182,1
35,100,3812,1
35,150,5613,1
35,0,1680,1
35,50,3701,1
35,150,5292,1
35,0,2300,1
35,100,2413,1
35,150,4696,1
35,50,2264,1
35,100,3255,1
35,0,1095,1
35,50,3656,1
35,100,2982,1
35,150,2381,1
35,0,1351,1
35,0,4494,1
35,100,3108,1
35,50,1367,1
35,150,6816,0
35,50,2273,1
35,150,2385,1
35,100,2056,1
35,150,2741,1
35,100,3555,1
35,0,1213,1
35,0,1193,1
35,50,2308,1
35,50,2319,1
35,150,5089,1
35,0,1983,1
35,150,3050,1
35,0,1251,1
35,50,3149,1
35,50,1792,1
35,100,2465,1
35,100,NA,0
35,100,75,0
35,100,3259,1
35,150,3634,1
35,0,2987,1
35,0,2618,1
35,50,3796,0
35,50,3749,1
35,150,3219,1
35,50,3735,1
35,0,1034,1
35,150,5456,1
35,50,5269,1
35,100,2335,1
35,0,2038,1
35,150,3111,0
35,100,1800,1
35,100,2281,1
35,50,1685,1
35,0,989,1
35,150,6498,0
35,150,3983,1
35,50,4361,1
35,100,1650,1
35,0,1970,1
36,0,2058,1
36,150,4156,1
36,150,2457,1
36,100,5330,1
36,50,5080,1
36,50,3782,1
36,100,2830,1
36,0,1979,1
36,150,4033,1
36,150,7450,1
36,50,3684,1
36,0,1626,1
36,0,1940,1
36,100,4023,1
36,100,3366,1
36,50,3297,1
36,100,4260,1
36,150,5970,1
36,50,2055,1
36,50,1750,1
36,100,2133,1
36,0,1295,1
36,0,1679,1
36,150,4490,1
36,150,2591,1
36,50,1447,1
36,50,4915,1
36,100,3802,1
36,0,1323,1
36,0,1448,1
36,150,5703,1
36,100,3401,1
36,50,3545,1
36,100,4563,1
36,150,6882,1
36,0,2589,1
36,100,2733,1
36,150,3992,1
36,0,1132,1
36,50,1163,1
36,150,NA,0
36,0,1477,1
36,100,2487,0
36,150,2768,1
36,50,1100,1
36,100,1778,1
36,0,1259,1
36,50,2323,1
36,100,1816,1
36,150,2123,1
36,0,1065,1
36,0,1577,1
36,100,3189,1
36,50,985,1
36,150,1749,0
36,50,1192,1
36,150,1559,1
36,100,1876,1
36,150,2071,1
36,100,2639,1
36,0,1132,1
36,0,1045,1
36,50,1286,1
36,50,1460,1
36,150,1299,1
36,0,2436,1
36,150,3428,1
36,0,1122,1
36,50,1291,1
36,50,1602,1
36,100,1836,1
36,100,1955,0
36,100,1507,1
36,100,3206,1
36,150,2553,0
36,0,1564,1
36,0,1068,1
36,50,2207,1
36,50,973,1
36,150,1799,1
36,50,3949,1
36,0,895,1
36,150,3684,1
36,50,4544,1
36,100,2132,1
36,0,2715,1
36,150,3498,1
36,100,3005,1
36,100,2301,1
36,50,1695,1
36,0,1000,1
36,150,1795,0
36,150,2525,1
36,50,1302,1
36,100,1427,1
36,0,1172,1
37,0,2205,1
37,150,2270,1
37,150,1757,1
37,100,3663,1
37,50,2197,1
37,50,1583,1
37,100,1901,0
37,0,2395,1
37,150,7257,1
37,150,3722,1
37,50,1965,1
37,0,2003,1
37,0,1649,1
37,100,2686,1
37,100,2611,0
37,50,4375,0
37,100,2444,1
37,150,4074,0
37,50,3211,1
37,50,1575,1
37,100,1953,1
37,0,2588,1
37,0,4327,1
37,150,2922,1
37,150,4404,1
37,50,2038,1
37,50,2104,1
37,100,3422,1
37,0,1448,1
37,0,2359,1
37,150,4509,1
37,100,4421,1
37,50,1469,1
37,100,3887,1
37,150,6079,1
37,0,1421,1
37,100,4345,1
37,150,3924,1
37,0,2386,1
37,50,1192,1
37,150,3168,1
37,0,1885,1
37,100,3126,1
37,150,2528,1
37,50,1417,1
37,100,2253,1
37,0,1444,1
37,50,2868,1
37,100,1499,1
37,150,1766,1
37,0,1450,1
37,0,1538,1
37,100,3575,1
37,50,1074,1
37,150,3933,1
37,50,1537,1
37,150,1215,1
37,100,5474,1
37,150,2103,1
37,100,2622,1
37,0,1269,1
37,0,1910,1
37,50,2203,1
37,50,2095,1
37,150,1774,1
37,0,1585,1
37,150,3076,1
37,0,1570,1
37,50,1990,1
37,50,1570,1
37,100,2271,1
37,100,5183,1
37,100,2283,1
37,100,2056,1
37,150,4546,1
37,0,2784,1
37,0,4371,1
37,50,6574,0
37,50,1258,1
37,150,4483,1
37,50,3224,1
37,0,1155,1
37,150,1474,1
37,50,2201,1
37,100,1460,1
37,0,1754,1
37,150,1561,0
37,100,2044,1
37,100,1741,1
37,50,2361,1
37,0,1173,1
37,150,2900,1
37,150,4222,1
37,50,1560,1
37,100,1847,1
37,0,5854,1
38,0,2069,0
38,150,4122,0
38,150,2749,0
38,100,5067,0
38,50,4021,1
38,50,3326,1
38,100,3774,0
38,0,1582,1
38,150,NA,0
38,150,4107,1
38,50,2371,1
38,0,2150,1
38,0,2971,1
38,100,3444,0
38,100,3055,1
38,50,5310,1
38,100,2460,1
38,150,2976,1
38,50,2570,1
38,50,1727,1
38,100,2847,0
38,0,1042,0
38,0,3125,1
38,150,4046,1
38,150,5974,1
38,50,3800,1
38,50,2994,1
38,100,6240,1
38,0,1078,1
38,0,1381,1
38,150,3865,0
38,100,NA,0
38,50,3994,1
38,100,4645,0
38,150,4054,0
38,0,1307,1
38,100,3510,1
38,150,3696,1
38,0,1378,1
38,50,2064,1
38,150,3109,1
38,0,1355,1
38,100,5535,1
38,150,3430,1
38,50,1624,1
38,100,1723,1
38,0,1159,1
38,50,2180,1
38,100,3876,0
38,150,1811,1
38,0,1239,1
38,0,1504,1
38,100,3593,1
38,50,952,1
38,150,3840,0
38,50,1743,1
38,150,948,1
38,100,4129,1
38,150,3669,1
38,100,5877,0
38,0,972,1
38,0,4027,0
38,50,4920,0
38,50,4130,0
38,150,6886,1
38,0,2040,1
38,150,4565,1
38,0,2440,0
38,50,1525,1
38,50,2128,1
38,100,4916,1
38,100,3374,1
38,100,2504,1
38,100,2934,1
38,150,7139,0
38,0,2863,0
38,0,4746,1
38,50,3278,1
38,50,2389,1
38,150,6004,1
38,50,3578,1
38,0,1657,1
38,150,3288,1
38,50,3424,1
38,100,3155,1
38,0,2370,1
38,150,5336,0
38,100,2358,1
38,100,4430,1
38,50,4692,0
38,0,2453,1
38,150,5950,1
38,150,5898,0
38,50,4369,1
38,100,2745,1
38,0,3285,0
39,0,4159,1
39,150,NA,0
39,150,4932,1
39,100,6622,1
39,50,4998,0
39,50,6562,1
39,100,NA,0
39,0,3750,1
39,150,5316,1
39,150,5217,1
39,50,5579,1
39,0,5002,1
39,0,3856,1
39,100,5652,1
39,100,4642,1
39,50,6036,1
39,100,7041,1
39,150,5535,1
39,50,3314,1
39,50,4453,1
39,100,5443,1
39,0,3845,0
39,0,5173,1
39,150,NA,0
39,150,7186,1
39,50,6914,1
39,50,5334,1
39,100,6676,1
39,0,3017,1
39,0,1957,1
39,150,7466,0
39,100,3732,1
39,50,4601,1
39,100,5389,1
39,150,5496,1
39,0,1995,1
39,100,4315,1
39,150,5216,0
39,0,5397,1
39,50,4877,1
39,150,NA,0
39,0,3677,1
39,100,3613,1
39,150,2583,0
39,50,4205,1
39,100,6776,1
39,0,3050,1
39,50,3661,1
39,100,6597,1
39,150,3167,0
39,0,2331,1
39,0,1759,1
39,100,6476,1
39,50,1365,1
39,150,5136,1
39,50,2262,1
39,150,5479,1
39,100,4447,1
39,150,3624,1
39,100,3880,1
39,0,1449,1
39,0,1785,1
39,50,5555,1
39,50,6034,1
39,150,6723,1
39,0,2675,1
39,150,2537,1
39,0,4960,1
39,50,NA,0
39,50,5170,1
39,100,4791,1
39,100,5420,1
39,100,2689,1
39,100,3553,1
39,150,2568,1
39,0,3293,1
39,0,4637,1
39,50,5660,1
39,50,4167,1
39,150,6722,0
39,50,5290,1
39,0,1150,1
39,150,6646,1
39,50,1830,1
39,100,3247,1
39,0,2305,1
39,150,4758,1
39,100,4876,1
39,100,5161,1
39,50,1390,1
39,0,1953,1
39,150,3245,1
39,150,4951,1
39,50,3251,1
39,100,2688,1
39,0,4735,0
40,0,5198,1
40,150,3703,1
40,150,4895,1
40,100,5536,1
40,50,3168,1
40,50,3126,1
40,100,4942,1
40,0,1280,1
40,150,NA,0
40,150,4062,0
40,50,5499,1
40,0,2635,1
40,0,1202,1
40,100,NA,0
40,100,6238,1
40,50,4655,1
40,100,6725,1
40,150,NA,0
40,50,6283,0
40,50,3455,1
40,100,4449,1
40,0,1958,1
40,0,1410,1
40,150,5135,1
40,150,3766,1
40,50,2657,1
40,50,4546,1
40,100,5440,1
40,0,1061,1
40,0,2993,1
40,150,5763,1
40,100,NA,0
40,50,5121,1
40,100,3672,1
40,150,5297,1
40,0,1124,1
40,100,4935,1
40,150,3730,1
40,0,968,1
40,50,1836,1
40,150,5495,1
40,0,1893,1
40,100,6748,0
40,150,3666,1
40,50,1692,1
40,100,5498,1
40,0,1458,1
40,50,1849,1
40,100,4283,1
40,150,2760,0
40,0,1211,1
40,0,1379,1
40,100,3985,1
40,50,923,1
40,150,4644,1
40,50,1010,1
40,150,1213,1
40,100,2735,1
40,150,3014,1
40,100,3535,1
40,0,1330,1
40,0,1569,1
40,50,1750,1
40,50,2240,1
40,150,3541,1
40,0,944,1
40,150,2662,0
40,0,2166,1
40,50,2164,1
40,50,2325,1
40,100,2012,1
40,100,5041,1
40,100,3097,1
40,100,3519,1
40,150,3997,1
40,0,3071,1
40,0,2017,1
40,50,1773,1
40,50,965,1
40,150,3228,0
40,50,5051,1
40,0,1056,1
40,150,1546,1
40,50,1533,1
40,100,6539,1
40,0,2645,1
40,150,6448,1
40,100,2052,1
40,100,4461,1
40,50,1604,1
40,0,983,1
40,150,3138,1
40,150,4158,1
40,50,1243,1
40,100,1360,1
40,0,4008,1
41,0,2830,1
41,150,4630,1
41,150,2303,1
41,100,2312,0
41,50,2230,1
41,50,3936,1
41,100,5071,1
41,0,1750,1
41,150,6412,1
41,150,2948,1
41,50,5162,1
41,0,2241,0
41,0,1216,1
41,100,3978,1
41,100,3382,1
41,50,3426,1
41,100,5971,1
41,150,2969,1
41,50,4357,1
41,50,2210,1
41,100,3099,1
41,0,3497,1
41,0,2008,1
41,150,6340,1
41,150,3576,1
41,50,6765,1
41,50,4346,1
41,100,4281,1
41,0,2118,1
41,0,4673,1
41,150,3907,1
41,100,4444,1
41,50,4383,1
41,100,3200,1
41,150,7076,1
41,0,4134,1
41,100,6150,1
41,150,NA,0
41,0,1670,1
41,50,3822,0
41,150,5863,1
41,0,2721,1
41,100,4317,1
41,150,3152,0
41,50,3285,1
41,100,4955,1
41,0,1288,1
41,50,2721,1
41,100,3946,1
41,150,4766,1
41,0,1393,1
41,0,2212,1
41,100,2999,0
41,50,2416,1
41,150,NA,0
41,50,2083,1
41,150,2475,1
41,100,4100,1
41,150,2722,1
41,100,4495,1
41,0,1070,1
41,0,2399,1
41,50,4361,1
41,50,4877,1
41,150,2527,1
41,0,1292,1
41,150,3331,1
41,0,NA,0
41,50,5960,1
41,50,2989,1
41,100,1992,1
41,100,5582,1
41,100,2137,1
41,100,5661,0
41,150,3215,1
41,0,7465,1
41,0,2043,1
41,50,4930,1
41,50,4288,1
41,150,4176,1
41,50,3685,1
41,0,1196,1
41,150,4728,1
41,50,2241,1
41,100,2779,1
41,0,1345,0
41,150,7184,1
41,100,2835,1
41,100,4582,0
41,50,4970,1
41,0,866,1
41,150,2686,1
41,150,2426,1
41,50,2284,1
41,100,1872,1
41,0,3432,1
42,0,2438,1
42,150,3716,1
42,150,3202,1
42,100,6310,0
42,50,3276,0
42,50,2746,1
42,100,NA,0
42,0,1846,1
42,150,3596,1
42,150,2572,1
42,50,2871,1
42,0,2889,1
42,0,1418,1
42,100,5737,1
42,100,NA,0
42,50,2527,0
42,100,3539,1
42,150,2649,1
42,50,2274,1
42,50,1790,1
42,100,2765,1
42,0,1689,1
42,0,1119,1
42,150,5607,1
42,150,4432,1
42,50,2946,1
42,50,4551,1
42,100,4607,1
42,0,1030,1
42,0,1602,1
42,150,4533,0
42,100,5707,1
42,50,3190,1
42,100,4948,1
42,150,5841,1
42,0,1731,1
42,100,4850,1
42,150,4343,1
42,0,1245,1
42,50,1471,1
42,150,2903,1
42,0,1399,1
42,100,3186,1
42,150,4305,1
42,50,1971,1
42,100,2792,1
42,0,3201,1
42,50,4045,1
42,100,2885,1
42,150,3920,1
42,0,1343,1
42,0,1103,1
42,100,3532,1
42,50,1102,1
42,150,4265,0
42,50,1398,1
42,150,1313,1
42,100,2634,1
42,150,1888,1
42,100,3945,1
42,0,979,1
42,0,1033,1
42,50,1401,1
42,50,1180,1
42,150,3445,1
42,0,1756,1
42,150,5058,1
42,0,2403,1
42,50,1702,1
42,50,1628,1
42,100,1595,1
42,100,4522,1
42,100,1326,1
42,100,2258,1
42,150,2013,1
42,0,NA,0
42,0,1800,1
42,50,4738,1
42,50,1117,1
42,150,3979,1
42,50,3538,1
42,0,1126,1
42,150,NA,0
42,50,3760,1
42,100,4112,0
42,0,1527,1
42,150,3612,1
42,100,3016,1
42,100,5514,0
42,50,3485,1
42,0,942,1
42,150,6261,0
42,150,5515,0
42,50,1323,1
42,100,1939,1
42,0,3950,1
43,0,3954,1
43,150,6320,1
43,150,2662,1
43,100,6871,1
43,50,5353,1
43,50,2162,1
43,100,5114,1
43,0,1262,1
43,150,NA,0
43,150,4965,1
43,50,5828,1
43,0,1376,1
43,0,974,1
43,100,3230,1
43,100,3150,1
43,50,3275,1
43,100,2891,1
43,150,2698,1
43,50,1723,1
43,50,1711,1
43,100,1709,1
43,0,1434,1
43,0,1163,1
43,150,4547,1
43,150,NA,0
43,50,4052,0
43,50,2363,0
43,100,2865,1
43,0,843,1
43,0,2533,1
43,150,4089,0
43,100,4961,1
43,50,1756,1
43,100,4040,1
43,150,3146,1
43,0,4129,1
43,100,2047,1
43,150,3103,1
43,0,926,1
43,50,1292,1
43,150,3682,1
43,0,1250,1
43,100,4107,1
43,150,3996,1
43,50,2485,1
43,100,4126,1
43,0,1623,1
43,50,5465,1
43,100,2636,1
43,150,2891,1
43,0,1088,1
43,0,1625,1
43,100,1418,0
43,50,1274,1
43,150,2147,0
43,50,1191,1
43,150,1642,1
43,100,2298,1
43,150,1995,1
43,100,4051,1
43,0,988,1
43,0,905,1
43,50,1272,1
43,50,1607,1
43,150,3342,1
43,0,1053,1
43,150,1926,1
43,0,2348,1
43,50,1393,1
43,50,1619,1
43,100,1621,1
43,100,2196,1
43,100,1500,1
43,100,1607,1
43,150,2482,1
43,0,1634,1
43,0,1134,1
43,50,1845,0
43,50,1457,1
43,150,2228,0
43,50,3292,1
43,0,836,1
43,150,2613,1
43,50,2801,0
43,100,3553,1
43,0,1560,1
43,150,3332,1
43,100,3235,1
43,100,3065,1
43,50,2565,1
43,0,1039,1
43,150,2461,1
43,150,3205,1
43,50,1230,1
43,100,1957,1
43,0,1471,1
44,0,3107,1
44,150,2930,1
44,150,1874,1
44,100,3793,1
44,50,2184,1
44,50,1749,1
44,100,2592,0
44,0,2879,1
44,150,7281,1
44,150,2386,1
44,50,3805,1
44,0,1696,1
44,0,1440,1
44,100,2135,1
44,100,2661,1
44,50,1989,1
44,100,2144,1
44,150,3094,1
44,50,3388,1
44,50,1799,1
44,100,4289,1
44,0,2279,1
44,0,1528,1
44,150,3939,1
44,150,2659,1
44,50,3409,1
44,50,2613,1
44,100,2963,1
44,0,1258,1
44,0,2787,1
44,150,4431,1
44,100,4179,1
44,50,2364,1
44,100,2658,1
44,150,2443,1
44,0,2021,1
44,100,3099,1
44,150,3291,1
44,0,1696,1
44,50,3369,1
44,150,3324,1
44,0,2458,1
44,100,2611,1
44,150,4276,1
44,50,1798,1
44,100,3825,1
44,0,3090,1
44,50,2313,1
44,100,2706,1
44,150,1659,1
44,0,1085,1
44,0,1187,1
44,100,3695,1
44,50,1057,1
44,150,4240,1
44,50,1517,1
44,150,2749,1
44,100,2153,0
44,150,4295,1
44,100,2012,1
44,0,1246,1
44,0,3573,1
44,50,2427,1
44,50,2038,1
44,150,3910,1
44,0,1142,1
44,150,2492,1
44,0,2291,1
44,50,2106,1
44,50,2303,1
44,100,2477,1
44,100,2943,1
44,100,2034,1
44,100,2204,1
44,150,3446,1
44,0,2296,1
44,0,1871,1
44,50,2661,1
44,50,1320,1
44,150,4866,1
44,50,3019,1
44,0,1148,1
44,150,2097,1
44,50,1902,1
44,100,2158,1
44,0,2618,1
44,150,4693,1
44,100,2878,1
44,100,2070,0
44,50,4554,1
44,0,935,1
44,150,1840,1
44,150,2703,1
44,50,2141,1
44,100,1849,1
44,0,2442,1
45,0,1247,1
45,150,1902,1
45,150,1461,1
45,100,5196,1
45,50,1583,1
45,50,2641,1
45,100,3124,0
45,0,2649,1
45,150,3440,1
45,150,4657,1
45,50,6251,1
45,0,5385,1
45,0,1493,1
45,100,3361,1
45,100,6160,1
45,50,1658,1
45,100,3514,1
45,150,2205,1
45,50,6278,1
45,50,1573,1
45,100,2195,1
45,0,1782,1
45,0,1465,1
45,150,5533,1
45,150,2412,1
45,50,5006,1
45,50,2132,1
45,100,1808,1
45,0,2096,1
45,0,2876,1
45,150,5656,1
45,100,NA,0
45,50,1981,1
45,100,2002,1
45,150,2607,1
45,0,3609,1
45,100,2542,1
45,150,2383,1
45,0,1289,1
45,50,2555,0
45,150,1932,1
45,0,4086,1
45,100,2093,1
45,150,3534,1
45,50,2197,1
45,100,2531,0
45,0,1189,1
45,50,1314,1
45,100,1918,1
45,150,2733,1
45,0,1102,1
45,0,1312,1
45,100,2100,1
45,50,1400,1
45,150,1740,1
45,50,1303,1
45,150,1506,1
45,100,2197,1
45,150,1351,1
45,100,1384,1
45,0,1258,1
45,0,1793,1
45,50,2429,1
45,50,1408,1
45,150,3266,1
45,0,1375,1
45,150,1939,1
45,0,2988,0
45,50,3498,1
45,50,1231,1
45,100,1194,1
45,100,4025,1
45,100,2368,1
45,100,1784,1
45,150,2453,1
45,0,3399,1
45,0,1142,1
45,50,1325,1
45,50,3171,1
45,150,2092,0
45,50,4009,1
45,0,1246,1
45,150,2870,1
45,50,1838,1
45,100,1506,1
45,0,3106,1
45,150,2090,1
45,100,1977,1
45,100,2910,1
45,50,1069,1
45,0,775,1
45,150,1366,1
45,150,1891,1
45,50,2445,0
45,100,1530,1
45,0,3407,1
46,0,5262,1
46,150,3977,1
46,150,2189,1
46,100,4956,1
46,50,3184,1
46,50,3315,1
46,100,3907,1
46,0,2504,1
46,150,4441,1
46,150,3047,1
46,50,4799,1
46,0,3929,1
46,0,2422,1
46,100,3859,1
46,100,2988,1
46,50,3374,1
46,100,3675,1
46,150,2040,1
46,50,3547,1
46,50,2005,1
46,100,6484,1
46,0,3859,1
46,0,2628,1
46,150,4017,0
46,150,4000,1
46,50,4209,1
46,50,2510,1
46,100,5030,1
46,0,2085,1
46,0,3309,1
46,150,4732,1
46,100,3100,1
46,50,3249,1
46,100,4618,1
46,150,6254,0
46,0,3205,1
46,100,2963,1
46,150,4149,1
46,0,1931,1
46,50,4119,1
46,150,2317,1
46,0,3155,1
46,100,3895,1
46,150,2880,1
46,50,3417,1
46,100,2340,1
46,0,2647,1
46,50,3168,1
46,100,3438,1
46,150,2949,1
46,0,1684,1
46,0,2498,1
46,100,2506,1
46,50,1779,1
46,150,2317,1
46,50,2514,1
46,150,2720,1
46,100,2696,1
46,150,1663,1
46,100,2743,1
46,0,1585,1
46,0,1502,1
46,50,2173,1
46,50,1984,1
46,150,4165,1
46,0,2585,1
46,150,3860,1
46,0,1868,1
46,50,4869,1
46,50,2485,1
46,100,3029,1
46,100,4423,1
46,100,1812,1
46,100,3201,1
46,150,2341,1
46,0,2209,0
46,0,2724,1
46,50,2491,1
46,50,2359,1
46,150,2565,1
46,50,NA,0
46,0,145,0
46,150,4391,1
46,50,4296,1
46,100,3633,1
46,0,2423,1
46,150,3512,1
46,100,3214,1
46,100,3099,1
46,50,2195,1
46,0,1868,1
46,150,2940,0
46,150,2520,1
46,50,2006,1
46,100,2592,1
46,0,4244,0
47,0,4607,0
47,150,7330,1
47,150,4689,0
47,100,5549,1
47,50,2961,1
47,50,1658,1
47,100,2243,1
47,0,1746,1
47,150,6125,1
47,150,2658,0
47,50,2597,1
47,0,3148,0
47,0,1098,1
47,100,1957,1
47,100,2956,0
47,50,2866,1
47,100,2767,1
47,150,2440,0
47,50,2478,1
47,50,1674,1
47,100,3296,0
47,0,1583,0
47,0,2269,1
47,150,2778,1
47,150,2221,0
47,50,1885,1
47,50,2915,1
47,100,4877,0
47,0,1146,1
47,0,1346,1
47,150,981,1
47,100,2394,1
47,50,2033,1
47,100,4715,1
47,150,3940,0
47,0,1840,1
47,100,2756,0
47,150,2010,1
47,0,1979,1
47,50,2361,1
47,150,2442,1
47,0,1677,0
47,100,3928,0
47,150,3062,1
47,50,1776,1
47,100,1904,1
47,0,1074,1
47,50,1451,0
47,100,3455,1
47,150,2471,1
47,0,1020,1
47,0,1409,1
47,100,2855,1
47,50,2804,1
47,150,2190,1
47,50,1265,1
47,150,1119,1
47,100,1770,1
47,150,1627,1
47,100,2700,1
47,0,1329,1
47,0,1774,1
47,50,2788,1
47,50,1440,1
47,150,1777,1
47,0,1185,1
47,150,2541,1
47,0,1124,1
47,50,1743,1
47,50,1035,1
47,100,1634,1
47,100,2145,0
47,100,2047,1
47,100,1656,1
47,150,1692,1
47,0,1511,1
47,0,2376,1
47,50,2759,1
47,50,1265,1
47,150,1312,1
47,50,2787,1
47,0,970,1
47,150,1244,1
47,50,1492,1
47,100,2142,0
47,0,1516,0
47,150,2748,1
47,100,1953,1
47,100,1887,1
47,50,1186,1
47,0,794,1
47,150,1121,0
47,150,1112,1
47,50,1673,1
47,100,1165,1
47,0,1449,1
48,0,NA,0
48,150,6635,1
48,150,3767,1
48,100,5816,1
48,50,6391,1
48,50,3604,1
48,100,6303,1
48,0,4172,1
48,150,3560,1
48,150,4331,1
48,50,3495,1
48,0,5144,1
48,0,5236,1
48,100,3143,1
48,100,5175,1
48,50,3293,1
48,100,6935,1
48,150,3743,1
48,50,7107,0
48,50,3792,1
48,100,3426,1
48,0,3670,1
48,0,3766,1
48,150,4170,1
48,150,5103,1
48,50,5375,0
48,50,5951,0
48,100,4440,1
48,0,4119,0
48,0,3977,1
48,150,4287,1
48,100,3823,1
48,50,2705,1
48,100,3159,1
48,150,5473,1
48,0,4796,1
48,100,6587,0
48,150,3391,0
48,0,4377,1
48,50,3784,1
48,150,3720,1
48,0,3473,0
48,100,3680,1
48,150,2405,1
48,50,3296,1
48,100,3449,1
48,0,5863,0
48,50,3344,1
48,100,2636,1
48,150,2437,1
48,0,3679,0
48,0,2729,1
48,100,1856,1
48,50,1806,1
48,150,4912,1
48,50,1857,1
48,150,3074,1
48,100,2789,0
48,150,2243,1
48,100,2966,1
48,0,1596,0
48,0,3365,1
48,50,1966,1
48,50,2310,1
48,150,3059,1
48,0,1743,0
48,150,2604,1
48,0,2678,1
48,50,2124,1
48,50,2118,1
48,100,2189,1
48,100,2776,1
48,100,1960,1
48,100,2662,1
48,150,2503,1
48,0,2430,1
48,0,2973,0
48,50,2714,1
48,50,3909,1
48,150,2375,1
48,50,2240,1
48,0,1792,0
48,150,2336,1
48,50,2220,1
48,100,1894,1
48,0,1810,1
48,150,3963,1
48,100,4640,1
48,100,2657,1
48,50,2937,1
48,0,1991,0
48,150,3030,1
48,150,1757,1
48,50,3222,1
48,100,2071,1
48,0,1407,1
49,0,4154,1
49,150,6057,1
49,150,3990,1
49,100,6167,1
49,50,6694,1
49,50,7093,0
49,100,3670,1
49,0,2749,1
49,150,4390,1
49,150,NA,0
49,50,3627,0
49,0,2604,1
49,0,1430,0
49,100,4655,1
49,100,5774,1
49,50,3560,1
49,100,5047,0
49,150,3863,1
49,50,4340,1
49,50,4212,1
49,100,3959,1
49,0,3251,1
49,0,2428,1
49,150,6320,1
49,150,2609,1
49,50,5120,1
49,50,4838,1
49,100,3687,1
49,0,1701,1
49,0,7263,1
49,150,5701,1
49,100,4324,1
49,50,4838,1
49,100,7398,1
49,150,6279,1
49,0,NA,0
49,100,7027,0
49,150,NA,0
49,0,2783,1
49,50,2442,1
49,150,NA,0
49,0,5656,1
49,100,5367,1
49,150,3757,1
49,50,6255,0
49,100,3294,1
49,0,2413,1
49,50,3852,1
49,100,2635,0
49,150,3941,1
49,0,1277,1
49,0,2790,1
49,100,2711,1
49,50,3012,1
49,150,6542,0
49,50,2092,1
49,150,6007,1
49,100,1771,1
49,150,6171,1
49,100,6306,1
49,0,1513,1
49,0,2063,1
49,50,2290,1
49,50,6766,1
49,150,2776,1
49,0,1335,1
49,150,2395,1
49,0,5324,1
49,50,4259,1
49,50,3966,1
49,100,6756,1
49,100,4711,1
49,100,3654,1
49,100,4631,1
49,150,3310,1
49,0,5455,1
49,0,6546,1
49,50,5310,1
49,50,1796,1
49,150,3030,1
49,50,7297,1
49,0,1350,1
49,150,4000,1
49,50,5634,1
49,100,4557,1
49,0,4328,1
49,150,NA,0
49,100,4088,1
49,100,3763,1
49,50,1617,1
49,0,1206,1
49,150,5760,0
49,150,2965,1
49,50,1723,1
49,100,1895,1
49,0,2801,1
50,0,4632,1
50,150,6313,1
50,150,3003,1
50,100,NA,0
50,50,5045,1
50,50,2480,1
50,100,6416,1
50,0,1799,1
50,150,NA,0
50,150,4643,0
50,50,4560,1
50,0,2841,1
50,0,1701,1
50,100,5486,1
50,100,2990,1
50,50,2958,1
50,100,4656,1
50,150,3154,1
50,50,2259,1
50,50,2224,1
50,100,2463,1
50,0,1558,1
50,0,1890,1
50,150,3482,1
50,150,3630,1
50,50,3086,1
50,50,2223,1
50,100,5937,0
50,0,1169,1
50,0,2559,1
50,150,3711,1
50,100,2671,1
50,50,3270,1
50,100,1862,1
50,150,2936,1
50,0,3463,1
50,100,4596,1
50,150,2152,0
50,0,2007,1
50,50,4175,1
50,150,2487,1
50,0,4045,1
50,100,4767,1
50,150,3689,1
50,50,2697,1
50,100,6473,1
50,0,1847,1
50,50,1823,1
50,100,3253,1
50,150,2401,1
50,0,1509,1
50,0,2374,1
50,100,2632,1
50,50,2568,1
50,150,4874,1
50,50,2280,1
50,150,2148,1
50,100,5355,0
50,150,2344,1
50,100,2255,1
50,0,2398,1
50,0,1877,0
50,50,3130,1
50,50,2629,1
50,150,3485,1
50,0,1607,1
50,150,3959,1
50,0,4823,0
50,50,2711,1
50,50,1639,1
50,100,1935,1
50,100,3512,1
50,100,2449,1
50,100,4927,0
50,150,3840,1
50,0,3393,1
50,0,1336,1
50,50,2047,1
50,50,5493,0
50,150,3287,0
50,50,4439,1
50,0,1175,1
50,150,3049,1
50,50,2072,1
50,100,3599,1
50,0,NA,0
50,150,3818,1
50,100,3319,1
50,100,2222,1
50,50,1991,1
50,0,1246,1
50,150,3399,1
50,150,5599,1
50,50,3623,1
50,100,1960,1
50,0,3736,1
51,0,1186,0
51,150,1415,1
51,150,1563,1
51,100,2832,1
51,50,1218,1
51,50,1794,1
51,100,1654,1
51,0,998,1
51,150,2525,1
51,150,1512,0
51,50,2543,1
51,0,1347,1
51,0,1495,1
51,100,1878,1
51,100,1597,1
51,50,1192,1
51,100,2172,1
51,150,1583,1
51,50,1453,1
51,50,1501,1
51,100,1371,1
51,0,1991,1
51,0,986,1
51,150,2561,1
51,150,1674,1
51,50,1666,1
51,50,1851,1
51,100,1675,1
51,0,1025,1
51,0,1269,1
51,150,3372,1
51,100,2056,1
51,50,1112,1
51,100,1775,0
51,150,1948,1
51,0,1231,1
51,100,2098,1
51,150,1432,1
51,0,1298,1
51,50,1104,1
51,150,1351,1
51,0,3357,1
51,100,1489,1
51,150,1952,1
51,50,1525,1
51,100,1606,1
51,0,1083,1
51,50,1076,1
51,100,1828,1
51,150,1691,1
51,0,1232,1
51,0,1217,1
51,100,1693,1
51,50,1234,1
51,150,3580,1
51,50,1288,1
51,150,1447,1
51,100,1145,1
51,150,1552,1
51,100,1604,1
51,0,1130,1
51,0,1064,1
51,50,1352,1
51,50,1228,1
51,150,1422,1
51,0,1030,1
51,150,1265,1
51,0,1112,1
51,50,1321,1
51,50,1085,1
51,100,1050,1
51,100,1177,1
51,100,1040,1
51,100,1042,1
51,150,1111,1
51,0,1363,1
51,0,1327,1
51,50,1516,0
51,50,1041,1
51,150,1035,1
51,50,1773,1
51,0,927,1
51,150,1669,1
51,50,1070,1
51,100,1032,1
51,0,1299,1
51,150,4069,1
51,100,2142,0
51,100,1193,1
51,50,1295,1
51,0,1075,1
51,150,1342,1
51,150,1425,1
51,50,937,1
51,100,1050,1
51,0,1217,1
52,0,2727,1
52,150,2556,1
52,150,1702,1
52,100,4219,1
52,50,2724,1
52,50,4181,1
52,100,5220,1
52,0,1777,1
52,150,3210,0
52,150,5298,1
52,50,6598,1
52,0,2941,1
52,0,1796,1
52,100,3564,1
52,100,3655,1
52,50,3061,1
52,100,4297,1
52,150,2535,1
52,50,4351,1
52,50,2556,1
52,100,3295,1
52,0,2902,1
52,0,2811,1
52,150,3424,1
52,150,3065,1
52,50,3778,1
52,50,2669,1
52,100,2990,1
52,0,2829,1
52,0,2161,1
52,150,4594,1
52,100,2593,1
52,50,2485,1
52,100,2189,1
52,150,3209,0
52,0,2368,1
52,100,2161,1
52,150,3113,1
52,0,1503,1
52,50,2104,1
52,150,4987,1
52,0,1448,1
52,100,2001,1
52,150,1804,1
52,50,2159,1
52,100,1819,1
52,0,1279,1
52,50,3961,1
52,100,3355,1
52,150,2116,1
52,0,1794,1
52,0,1555,1
52,100,2625,1
52,50,1816,1
52,150,3857,1
52,50,2093,1
52,150,2059,1
52,100,2707,1
52,150,2307,1
52,100,2272,1
52,0,1077,1
52,0,3104,1
52,50,2486,1
52,50,2484,1
52,150,2562,1
52,0,1248,1
52,150,2073,1
52,0,1857,1
52,50,2146,1
52,50,1372,1
52,100,2219,1
52,100,2924,1
52,100,1938,1
52,100,2062,1
52,150,1999,1
52,0,2810,1
52,0,1925,1
52,50,4436,0
52,50,2993,1
52,150,4629,1
52,50,4295,1
52,0,1457,1
52,150,3698,1
52,50,3472,1
52,100,2708,1
52,0,1766,1
52,150,4220,1
52,100,4068,1
52,100,1940,1
52,50,2138,1
52,0,1539,1
52,150,3116,1
52,150,2181,1
52,50,1981,1
52,100,2610,1
52,0,6419,0
53,0,2703,1
53,150,2556,1
53,150,3591,1
53,100,4128,1
53,50,2821,1
53,50,2448,1
53,100,2811,1
53,0,2012,1
53,150,3213,1
53,150,2719,1
53,50,3135,1
53,0,1385,1
53,0,1196,1
53,100,4444,1
53,100,2200,1
53,50,1684,1
53,100,4736,1
53,150,1876,1
53,50,2081,1
53,50,1341,1
53,100,2165,1
53,0,1824,1
53,0,1064,1
53,150,4871,1
53,150,1992,1
53,50,2544,1
53,50,2994,1
53,100,2822,1
53,0,1188,1
53,0,1500,1
53,150,4093,1
53,100,3820,1
53,50,1351,1
53,100,2692,1
53,150,2582,1
53,0,2586,1
53,100,2719,1
53,150,2570,1
53,0,932,1
53,50,1060,1
53,150,1794,1
53,0,1431,0
53,100,4619,1
53,150,2575,1
53,50,1627,1
53,100,4160,1
53,0,1105,1
53,50,1676,1
53,100,2280,1
53,150,2408,1
53,0,1486,1
53,0,1065,1
53,100,1950,1
53,50,872,1
53,150,4967,1
53,50,1474,1
53,150,1885,1
53,100,2387,1
53,150,1899,1
53,100,3074,1
53,0,1033,1
53,0,976,1
53,50,1038,1
53,50,1416,1
53,150,2377,1
53,0,1417,1
53,150,1892,1
53,0,1241,1
53,50,1044,1
53,50,1017,1
53,100,1385,1
53,100,3012,1
53,100,3287,1
53,100,1650,1
53,150,1836,1
53,0,1414,1
53,0,1284,1
53,50,1362,1
53,50,899,1
53,150,3608,1
53,50,5103,1
53,0,1159,1
53,150,1901,1
53,50,1986,1
53,100,1561,1
53,0,1261,1
53,150,3320,0
53,100,3435,1
53,100,1418,1
53,50,1389,1
53,0,886,1
53,150,3873,1
53,150,2780,1
53,50,1417,1
53,100,1142,1
53,0,2706,1
54,0,2788,1
54,150,4118,1
54,150,3809,1
54,100,4317,1
54,50,2362,1
54,50,2102,1
54,100,4183,1
54,0,2021,1
54,150,4457,1
54,150,NA,0
54,50,5709,1
54,0,2910,1
54,0,955,1
54,100,2456,1
54,100,2898,1
54,50,4298,1
54,100,4397,1
54,150,3412,1
54,50,1699,1
54,50,2365,1
54,100,1740,1
54,0,2523,1
54,0,2500,1
54,150,4160,1
54,150,3144,1
54,50,2396,1
54,50,2449,1
54,100,3528,1
54,0,2020,1
54,0,2572,1
54,150,4316,1
54,100,3776,1
54,50,3268,1
54,100,3724,1
54,150,5406,1
54,0,2862,1
54,100,2849,1
54,150,5159,1
54,0,1611,1
54,50,1399,1
54,150,2821,1
54,0,1485,1
54,100,3905,1
54,150,2572,1
54,50,1853,1
54,100,2957,1
54,0,1613,1
54,50,1842,1
54,100,3435,0
54,150,3191,1
54,0,1822,1
54,0,1411,1
54,100,2475,1
54,50,3173,1
54,150,3954,1
54,50,2170,1
54,150,1644,1
54,100,2598,1
54,150,2845,1
54,100,2225,1
54,0,1468,1
54,0,2020,1
54,50,1743,1
54,50,2367,1
54,150,3537,1
54,0,1562,1
54,150,2182,1
54,0,2159,1
54,50,3183,1
54,50,2016,1
54,100,2131,1
54,100,2179,1
54,100,2335,1
54,100,1997,1
54,150,2925,0
54,0,3172,1
54,0,2833,1
54,50,1987,0
54,50,1714,1
54,150,2986,1
54,50,3590,1
54,0,1041,1
54,150,2204,1
54,50,2759,1
54,100,2641,1
54,0,1463,1
54,150,6107,1
54,100,3265,1
54,100,3083,1
54,50,2376,1
54,0,1323,1
54,150,2434,1
54,150,3341,0
54,50,1204,1
54,100,2084,1
54,0,2157,1
